"Descriptions:","Unit:","Multiplier:","Currency:","Unique Identifier:","Series Name:",1960-01,1960-02,1960-03,1960-04,1960-05,1960-06,1960-07,1960-08,1960-09,1960-10,1960-11,1960-12,1961-01,1961-02,1961-03,1961-04,1961-05,1961-06,1961-07,1961-08,1961-09,1961-10,1961-11,1961-12,1962-01,1962-02,1962-03,1962-04,1962-05,1962-06,1962-07,1962-08,1962-09,1962-10,1962-11,1962-12,1963-01,1963-02,1963-03,1963-04,1963-05,1963-06,1963-07,1963-08,1963-09,1963-10,1963-11,1963-12,1964-01,1964-02,1964-03,1964-04,1964-05,1964-06,1964-07,1964-08,1964-09,1964-10,1964-11,1964-12,1965-01,1965-02,1965-03,1965-04,1965-05,1965-06,1965-07,1965-08,1965-09,1965-10,1965-11,1965-12,1966-01,1966-02,1966-03,1966-04,1966-05,1966-06,1966-07,1966-08,1966-09,1966-10,1966-11,1966-12,1967-01,1967-02,1967-03,1967-04,1967-05,1967-06,1967-07,1967-08,1967-09,1967-10,1967-11,1967-12,1968-01,1968-02,1968-03,1968-04,1968-05,1968-06,1968-07,1968-08,1968-09,1968-10,1968-11,1968-12,1969-01,1969-02,1969-03,1969-04,1969-05,1969-06,1969-07,1969-08,1969-09,1969-10,1969-11,1969-12,1970-01,1970-02,1970-03,1970-04,1970-05,1970-06,1970-07,1970-08,1970-09,1970-10,1970-11,1970-12,1971-01,1971-02,1971-03,1971-04,1971-05,1971-06,1971-07,1971-08,1971-09,1971-10,1971-11,1971-12,1972-01,1972-02,1972-03,1972-04,1972-05,1972-06,1972-07,1972-08,1972-09,1972-10,1972-11,1972-12,1973-01,1973-02,1973-03,1973-04,1973-05,1973-06,1973-07,1973-08,1973-09,1973-10,1973-11,1973-12,1974-01,1974-02,1974-03,1974-04,1974-05,1974-06,1974-07,1974-08,1974-09,1974-10,1974-11,1974-12,1975-01,1975-02,1975-03,1975-04,1975-05,1975-06,1975-07,1975-08,1975-09,1975-10,1975-11,1975-12,1976-01,1976-02,1976-03,1976-04,1976-05,1976-06,1976-07,1976-08,1976-09,1976-10,1976-11,1976-12,1977-01,1977-02,1977-03,1977-04,1977-05,1977-06,1977-07,1977-08,1977-09,1977-10,1977-11,1977-12,1978-01,1978-02,1978-03,1978-04,1978-05,1978-06,1978-07,1978-08,1978-09,1978-10,1978-11,1978-12,1979-01,1979-02,1979-03,1979-04,1979-05,1979-06,1979-07,1979-08,1979-09,1979-10,1979-11,1979-12,1980-01,1980-02,1980-03,1980-04,1980-05,1980-06,1980-07,1980-08,1980-09,1980-10,1980-11,1980-12,1981-01,1981-02,1981-03,1981-04,1981-05,1981-06,1981-07,1981-08,1981-09,1981-10,1981-11,1981-12,1982-01,1982-02,1982-03,1982-04,1982-05,1982-06,1982-07,1982-08,1982-09,1982-10,1982-11,1982-12,1983-01,1983-02,1983-03,1983-04,1983-05,1983-06,1983-07,1983-08,1983-09,1983-10,1983-11,1983-12,1984-01,1984-02,1984-03,1984-04,1984-05,1984-06,1984-07,1984-08,1984-09,1984-10,1984-11,1984-12,1985-01,1985-02,1985-03,1985-04,1985-05,1985-06,1985-07,1985-08,1985-09,1985-10,1985-11,1985-12,1986-01,1986-02,1986-03,1986-04,1986-05,1986-06,1986-07,1986-08,1986-09,1986-10,1986-11,1986-12,1987-01,1987-02,1987-03,1987-04,1987-05,1987-06,1987-07,1987-08,1987-09,1987-10,1987-11,1987-12,1988-01,1988-02,1988-03,1988-04,1988-05,1988-06,1988-07,1988-08,1988-09,1988-10,1988-11,1988-12,1989-01,1989-02,1989-03,1989-04,1989-05,1989-06,1989-07,1989-08,1989-09,1989-10,1989-11,1989-12,1990-01,1990-02,1990-03,1990-04,1990-05,1990-06,1990-07,1990-08,1990-09,1990-10,1990-11,1990-12,1991-01,1991-02,1991-03,1991-04,1991-05,1991-06,1991-07,1991-08,1991-09,1991-10,1991-11,1991-12,1992-01,1992-02,1992-03,1992-04,1992-05,1992-06,1992-07,1992-08,1992-09,1992-10,1992-11,1992-12,1993-01,1993-02,1993-03,1993-04,1993-05,1993-06,1993-07,1993-08,1993-09,1993-10,1993-11,1993-12,1994-01,1994-02,1994-03,1994-04,1994-05,1994-06,1994-07,1994-08,1994-09,1994-10,1994-11,1994-12,1995-01,1995-02,1995-03,1995-04,1995-05,1995-06,1995-07,1995-08,1995-09,1995-10,1995-11,1995-12,1996-01,1996-02,1996-03,1996-04,1996-05,1996-06,1996-07,1996-08,1996-09,1996-10,1996-11,1996-12,1997-01,1997-02,1997-03,1997-04,1997-05,1997-06,1997-07,1997-08,1997-09,1997-10,1997-11,1997-12,1998-01,1998-02,1998-03,1998-04,1998-05,1998-06,1998-07,1998-08,1998-09,1998-10,1998-11,1998-12,1999-01,1999-02,1999-03,1999-04,1999-05,1999-06,1999-07,1999-08,1999-09,1999-10,1999-11,1999-12,2000-01,2000-02,2000-03,2000-04,2000-05,2000-06,2000-07,2000-08,2000-09,2000-10,2000-11,2000-12,2001-01,2001-02,2001-03,2001-04,2001-05,2001-06,2001-07,2001-08,2001-09,2001-10,2001-11,2001-12,2002-01,2002-02,2002-03,2002-04,2002-05,2002-06,2002-07,2002-08,2002-09,2002-10,2002-11,2002-12,2003-01,2003-02,2003-03,2003-04,2003-05,2003-06,2003-07,2003-08,2003-09,2003-10,2003-11,2003-12,2004-01,2004-02,2004-03,2004-04,2004-05,2004-06,2004-07,2004-08,2004-09,2004-10,2004-11,2004-12,2005-01,2005-02,2005-03,2005-04,2005-05,2005-06,2005-07,2005-08,2005-09,2005-10,2005-11,2005-12,2006-01,2006-02,2006-03,2006-04,2006-05,2006-06,2006-07,2006-08,2006-09,2006-10,2006-11,2006-12,2007-01,2007-02,2007-03,2007-04,2007-05,2007-06,2007-07,2007-08,2007-09,2007-10,2007-11,2007-12,2008-01,2008-02,2008-03,2008-04,2008-05,2008-06,2008-07,2008-08,2008-09,2008-10,2008-11,2008-12,2009-01,2009-02,2009-03,2009-04,2009-05,2009-06,2009-07,2009-08,2009-09,2009-10,2009-11,2009-12,2010-01,2010-02,2010-03,2010-04,2010-05,2010-06,2010-07,2010-08,2010-09,2010-10,2010-11,2010-12,2011-01,2011-02,2011-03,2011-04,2011-05,2011-06,2011-07,2011-08,2011-09,2011-10,2011-11,2011-12,2012-01,2012-02,2012-03,2012-04,2012-05,2012-06,2012-07,2012-08,2012-09,2012-10,2012-11,2012-12,2013-01,2013-02,2013-03,2013-04,2013-05,2013-06,2013-07,2013-08,2013-09,2013-10,2013-11,2013-12,2014-01,2014-02,2014-03,2014-04,2014-05,2014-06,2014-07,2014-08,2014-09,2014-10,2014-11,2014-12,2015-01,2015-02,2015-03,2015-04,2015-05,2015-06,2015-07,2015-08,2015-09,2015-10,2015-11,2015-12,2016-01,2016-02,2016-03,2016-04,2016-05,2016-06,2016-07,2016-08,2016-09,2016-10,2016-11,2016-12,2017-01,2017-02,2017-03,2017-04,2017-05,2017-06,2017-07,2017-08,2017-09,2017-10,2017-11,2017-12,2018-01,2018-02,2018-03,2018-04,2018-05,2018-06,2018-07,2018-08,2018-09,2018-10,2018-11,2018-12,2019-01,2019-02,2019-03,2019-04,2019-05,2019-06,2019-07,2019-08,2019-09,2019-10,2019-11,2019-12,2020-01,2020-02,2020-03,2020-04,2020-05,2020-06,2020-07,2020-08,2020-09,2020-10,2020-11,2020-12,2021-01,2021-02,2021-03,2021-04,2021-05,2021-06,2021-07,2021-08,2021-09,2021-10,2021-11,2021-12,2022-01,2022-02,2022-03,2022-04,2022-05,2022-06,2022-07,2022-08,2022-09,2022-10,2022-11,2022-12,2023-01,2023-02,2023-03,2023-04,2023-05,2023-06,2023-07,2023-08,2023-09,2023-10,2023-11,2023-12,2024-01,2024-02,2024-03,2024-04,2024-05,2024-06,2024-07,2024-08,2024-09
"Federal funds effective rate","Percent:_Per_Year","1","NA",H15/H15/RIFSPFF_N.M,RIFSPFF_N.M,3.99,3.97,3.84,3.92,3.85,3.32,3.23,2.98,2.60,2.47,2.44,1.98,1.45,2.54,2.02,1.49,1.98,1.73,1.17,2.00,1.88,2.26,2.61,2.33,2.15,2.37,2.85,2.78,2.36,2.68,2.71,2.93,2.90,2.90,2.94,2.93,2.92,3.00,2.98,2.90,3.00,2.99,3.02,3.49,3.48,3.50,3.48,3.38,3.48,3.48,3.43,3.47,3.50,3.50,3.42,3.50,3.45,3.36,3.52,3.85,3.90,3.98,4.05,4.09,4.10,4.05,4.09,4.12,4.02,4.08,4.10,4.32,4.42,4.60,4.66,4.67,4.90,5.17,5.30,5.53,5.40,5.53,5.76,5.40,4.94,5.00,4.53,4.05,3.94,3.98,3.79,3.90,3.99,3.88,4.13,4.51,4.61,4.71,5.05,5.76,6.12,6.07,6.03,6.03,5.78,5.91,5.82,6.02,6.30,6.61,6.79,7.41,8.67,8.90,8.61,9.19,9.15,9.00,8.85,8.97,8.98,8.98,7.76,8.10,7.95,7.61,7.21,6.62,6.29,6.20,5.60,4.90,4.14,3.72,3.71,4.16,4.63,4.91,5.31,5.57,5.55,5.20,4.91,4.14,3.51,3.30,3.83,4.17,4.27,4.46,4.55,4.81,4.87,5.05,5.06,5.33,5.94,6.58,7.09,7.12,7.84,8.49,10.40,10.50,10.78,10.01,10.03,9.95,9.65,8.97,9.35,10.51,11.31,11.93,12.92,12.01,11.34,10.06,9.45,8.53,7.13,6.24,5.54,5.49,5.22,5.55,6.10,6.14,6.24,5.82,5.22,5.20,4.87,4.77,4.84,4.82,5.29,5.48,5.31,5.29,5.25,5.02,4.95,4.65,4.61,4.68,4.69,4.73,5.35,5.39,5.42,5.90,6.14,6.47,6.51,6.56,6.70,6.78,6.79,6.89,7.36,7.60,7.81,8.04,8.45,8.96,9.76,10.03,10.07,10.06,10.09,10.01,10.24,10.29,10.47,10.94,11.43,13.77,13.18,13.78,13.82,14.13,17.19,17.61,10.98,9.47,9.03,9.61,10.87,12.81,15.85,18.90,19.08,15.93,14.70,15.72,18.52,19.10,19.04,17.82,15.87,15.08,13.31,12.37,13.22,14.78,14.68,14.94,14.45,14.15,12.59,10.12,10.31,9.71,9.20,8.95,8.68,8.51,8.77,8.80,8.63,8.98,9.37,9.56,9.45,9.48,9.34,9.47,9.56,9.59,9.91,10.29,10.32,11.06,11.23,11.64,11.30,9.99,9.43,8.38,8.35,8.50,8.58,8.27,7.97,7.53,7.88,7.90,7.92,7.99,8.05,8.27,8.14,7.86,7.48,6.99,6.85,6.92,6.56,6.17,5.89,5.85,6.04,6.91,6.43,6.10,6.13,6.37,6.85,6.73,6.58,6.73,7.22,7.29,6.69,6.77,6.83,6.58,6.58,6.87,7.09,7.51,7.75,8.01,8.19,8.30,8.35,8.76,9.12,9.36,9.85,9.84,9.81,9.53,9.24,8.99,9.02,8.84,8.55,8.45,8.23,8.24,8.28,8.26,8.18,8.29,8.15,8.13,8.20,8.11,7.81,7.31,6.91,6.25,6.12,5.91,5.78,5.90,5.82,5.66,5.45,5.21,4.81,4.43,4.03,4.06,3.98,3.73,3.82,3.76,3.25,3.30,3.22,3.10,3.09,2.92,3.02,3.03,3.07,2.96,3.00,3.04,3.06,3.03,3.09,2.99,3.02,2.96,3.05,3.25,3.34,3.56,4.01,4.25,4.26,4.47,4.73,4.76,5.29,5.45,5.53,5.92,5.98,6.05,6.01,6.00,5.85,5.74,5.80,5.76,5.80,5.60,5.56,5.22,5.31,5.22,5.24,5.27,5.40,5.22,5.30,5.24,5.31,5.29,5.25,5.19,5.39,5.51,5.50,5.56,5.52,5.54,5.54,5.50,5.52,5.50,5.56,5.51,5.49,5.45,5.49,5.56,5.54,5.55,5.51,5.07,4.83,4.68,4.63,4.76,4.81,4.74,4.74,4.76,4.99,5.07,5.22,5.20,5.42,5.30,5.45,5.73,5.85,6.02,6.27,6.53,6.54,6.50,6.52,6.51,6.51,6.40,5.98,5.49,5.31,4.80,4.21,3.97,3.77,3.65,3.07,2.49,2.09,1.82,1.73,1.74,1.73,1.75,1.75,1.75,1.73,1.74,1.75,1.75,1.34,1.24,1.24,1.26,1.25,1.26,1.26,1.22,1.01,1.03,1.01,1.01,1.00,0.98,1.00,1.01,1.00,1.00,1.00,1.03,1.26,1.43,1.61,1.76,1.93,2.16,2.28,2.50,2.63,2.79,3.00,3.04,3.26,3.50,3.62,3.78,4.00,4.16,4.29,4.49,4.59,4.79,4.94,4.99,5.24,5.25,5.25,5.25,5.25,5.24,5.25,5.26,5.26,5.25,5.25,5.25,5.26,5.02,4.94,4.76,4.49,4.24,3.94,2.98,2.61,2.28,1.98,2.00,2.01,2.00,1.81,0.97,0.39,0.16,0.15,0.22,0.18,0.15,0.18,0.21,0.16,0.16,0.15,0.12,0.12,0.12,0.11,0.13,0.16,0.20,0.20,0.18,0.18,0.19,0.19,0.19,0.19,0.18,0.17,0.16,0.14,0.10,0.09,0.09,0.07,0.10,0.08,0.07,0.08,0.07,0.08,0.10,0.13,0.14,0.16,0.16,0.16,0.13,0.14,0.16,0.16,0.16,0.14,0.15,0.14,0.15,0.11,0.09,0.09,0.08,0.08,0.09,0.08,0.09,0.07,0.07,0.08,0.09,0.09,0.10,0.09,0.09,0.09,0.09,0.09,0.12,0.11,0.11,0.11,0.12,0.12,0.13,0.13,0.14,0.14,0.12,0.12,0.24,0.34,0.38,0.36,0.37,0.37,0.38,0.39,0.40,0.40,0.40,0.41,0.54,0.65,0.66,0.79,0.90,0.91,1.04,1.15,1.16,1.15,1.15,1.16,1.30,1.41,1.42,1.51,1.69,1.70,1.82,1.91,1.91,1.95,2.19,2.20,2.27,2.40,2.40,2.41,2.42,2.39,2.38,2.40,2.13,2.04,1.83,1.55,1.55,1.55,1.58,0.65,0.05,0.05,0.08,0.09,0.10,0.09,0.09,0.09,0.09,0.09,0.08,0.07,0.07,0.06,0.08,0.10,0.09,0.08,0.08,0.08,0.08,0.08,0.08,0.20,0.33,0.77,1.21,1.68,2.33,2.56,3.08,3.78,4.10,4.33,4.57,4.65,4.83,5.06,5.08,5.12,5.33,5.33,5.33,5.33,5.33,5.33,5.33,5.33,5.33,5.33,5.33,5.33,5.33,5.13
"30-Day AA Nonfinancial Commercial Paper Interest Rate","Percent","1","NA",H15/H15/RIFSPPNAAD30_N.M,RIFSPPNAAD30_N.M,,,,,,,,,,,,,,,,,,,,,,,,,,,,,,,,,,,,,,,,,,,,,,,,,,,,,,,,,,,,,,,,,,,,,,,,,,,,,,,,,,,,,,,,,,,,,,,,,,,,,,,,,,,,,,,,,,,,,,,,,,,,,,,,,,,,,,,,,,,,,,,,,,,,,,,,,,,,,,,,,,,,,,,,,,,,,,,,,,,,,,,,,,,,,,,,,,,,,,,,,,,,,,,,,,,,,,,,,,,,,,,,,,,,,,,,,,,,,,,,,,,,,,,,,,,,,,,,,,,,,,,,,,,,,,,,,,,,,,,,,,,,,,,,,,,,,,,,,,,,,,,,,,,,,,,,,,,,,,,,,,,,,,,,,,,,,,,,,,,,,,,,,,,,,,,,,,,,,,,,,,,,,,,,,,,,,,,,,,,,,,,,,,,,,,,,,,,,,,,,,,,,,,,,,,,,,,,,,,,,,,,,,,,,,,,,,,,,,,,,,,,,,5.28,5.25,5.36,5.49,5.51,5.51,5.48,5.48,5.49,5.49,5.53,5.78,5.46,5.47,5.51,5.49,5.49,5.51,5.51,5.50,5.44,5.14,5.00,5.24,4.80,4.80,4.82,4.79,4.79,4.95,5.06,5.18,5.28,5.28,5.37,5.97,5.59,5.76,5.93,6.02,6.40,6.53,6.49,6.47,6.48,6.48,6.49,6.51,5.74,5.39,5.02,4.71,4.06,3.82,3.71,3.54,2.96,2.40,2.03,1.84,1.70,1.76,1.78,1.76,1.75,1.74,1.74,1.72,1.73,1.72,1.34,1.31,1.25,1.24,1.21,1.22,1.21,1.06,1.01,1.03,1.02,1.02,1.02,1.03,0.99,0.99,0.99,1.00,1.00,1.13,1.29,1.48,1.67,1.79,2.01,2.22,2.33,2.49,2.67,2.84,2.97,3.11,3.27,3.47,3.64,3.84,4.01,4.23,4.36,4.47,4.61,4.80,4.95,5.12,5.24,5.22,5.21,5.20,5.21,5.23,5.22,5.22,5.23,5.23,5.22,5.24,5.23,5.24,4.94,4.70,4.48,4.25,3.61,2.90,2.36,2.10,1.99,2.14,2.08,2.04,2.10,1.55,0.61,0.25,0.15,0.28,0.22,0.22,0.22,0.18,0.18,0.17,0.14,0.12,0.13,0.14,0.13,0.13,0.15,0.19,0.21,0.19,0.20,0.20,0.21,0.21,0.20,0.19,0.19,0.19,0.17,0.14,0.11,0.11,0.09,0.11,0.08,0.09,0.10,0.10,0.09,0.12,0.13,0.13,0.13,0.14,0.14,0.14,0.12,0.14,0.14,0.13,0.12,0.12,0.10,0.08,0.07,0.07,0.06,0.05,0.05,0.07,0.05,0.06,0.05,0.06,0.06,0.05,0.05,0.06,0.07,0.08,0.06,0.06,0.07,0.11,0.09,0.08,0.08,0.07,0.08,0.09,0.08,0.10,0.13,0.11,0.11,0.28,0.34,0.35,0.34,0.35,0.35,0.38,0.35,0.37,0.40,0.43,0.43,0.56,0.64,0.61,0.78,0.83,0.84,1.02,1.10,1.10,1.11,1.13,1.16,1.40,1.50,1.54,1.78,1.83,1.82,1.93,1.95,1.96,2.06,2.23,2.29,2.44,2.47,2.43,2.44,2.44,2.42,2.35,2.25,2.08,2.01,1.86,1.62,1.62,1.56,1.55,1.36,0.47,0.13,0.12,0.11,0.09,0.09,0.09,0.09,0.09,0.08,0.06,0.07,0.04,0.10,0.04,0.05,0.05,0.05,0.05,0.06,0.07,0.07,0.16,0.32,0.44,0.80,1.35,1.90,2.33,2.80,3.28,3.88,4.20,4.33,4.55,4.74,4.82,5.06,5.10,5.16,5.30,5.31,5.33,5.33,5.32,5.32,5.31,5.32,5.31,5.32,5.31,5.30,5.29,5.02
"60-Day AA Nonfinancial Commercial Paper Interest Rate","Percent","1","NA",H15/H15/RIFSPPNAAD60_N.M,RIFSPPNAAD60_N.M,,,,,,,,,,,,,,,,,,,,,,,,,,,,,,,,,,,,,,,,,,,,,,,,,,,,,,,,,,,,,,,,,,,,,,,,,,,,,,,,,,,,,,,,,,,,,,,,,,,,,,,,,,,,,,,,,,,,,,,,,,,,,,,,,,,,,,,,,,,,,,,,,,,,,,,,,,,,,,,,,,,,,,,,,,,,,,,,,,,,,,,,,,,,,,,,,,,,,,,,,,,,,,,,,,,,,,,,,,,,,,,,,,,,,,,,,,,,,,,,,,,,,,,,,,,,,,,,,,,,,,,,,,,,,,,,,,,,,,,,,,,,,,,,,,,,,,,,,,,,,,,,,,,,,,,,,,,,,,,,,,,,,,,,,,,,,,,,,,,,,,,,,,,,,,,,,,,,,,,,,,,,,,,,,,,,,,,,,,,,,,,,,,,,,,,,,,,,,,,,,,,,,,,,,,,,,,,,,,,,,,,,,,,,,,,,,,,,,,,,,,,,,5.29,5.27,5.37,5.53,5.54,5.51,5.48,5.47,5.48,5.48,5.59,5.71,5.44,5.44,5.49,5.48,5.49,5.50,5.50,5.50,5.37,5.08,5.14,5.12,4.78,4.80,4.82,4.78,4.80,4.98,5.08,5.23,5.29,5.30,5.82,5.91,5.67,5.81,5.96,6.06,6.47,6.55,6.50,6.48,6.47,6.48,6.52,6.42,5.59,5.25,4.87,4.54,3.98,3.73,3.63,3.47,2.87,2.30,2.00,1.79,1.69,1.76,1.82,1.77,1.76,1.74,1.74,1.70,1.72,1.70,1.35,1.32,1.26,1.25,1.20,1.21,1.20,1.03,1.02,1.03,1.03,1.02,1.05,1.05,1.01,1.01,1.00,1.01,1.04,1.22,1.38,1.53,1.71,1.86,2.09,2.26,2.40,2.56,2.74,2.92,3.04,3.18,3.36,3.53,3.67,3.90,4.07,4.23,4.37,4.50,4.65,4.81,4.94,5.13,5.26,5.21,5.19,5.18,5.19,5.20,5.19,5.19,5.20,5.21,5.21,5.23,5.24,5.24,4.94,4.66,4.45,4.24,3.41,2.75,2.32,2.05,2.01,2.15,2.13,2.08,2.11,1.82,1.28,0.71,0.24,0.39,0.28,0.32,0.22,0.21,0.23,0.21,0.16,0.14,0.12,0.12,0.14,0.13,0.17,0.21,0.23,0.24,0.23,0.23,0.22,0.21,0.21,0.21,0.22,0.21,0.21,0.17,0.14,0.14,0.11,0.13,0.11,0.10,0.11,0.11,0.11,0.13,0.16,0.16,0.16,0.17,0.17,0.16,0.14,0.15,0.17,0.16,0.13,0.14,0.13,0.10,0.08,0.09,0.08,0.07,0.06,0.09,0.07,0.07,0.06,0.08,0.08,0.07,0.07,0.08,0.08,0.09,0.08,0.08,0.08,0.11,0.10,0.09,0.09,0.08,0.10,0.10,0.10,0.14,0.17,0.14,0.15,0.33,0.40,0.42,0.40,0.39,0.41,0.43,0.40,0.43,0.46,0.50,0.54,0.65,0.72,0.70,0.84,0.86,0.89,1.06,1.13,1.14,1.14,1.17,1.22,1.38,1.54,1.61,1.83,1.89,1.92,2.00,2.02,2.02,2.15,2.26,2.34,2.48,2.50,2.46,2.46,2.45,2.42,2.33,2.21,2.07,1.93,1.82,1.64,1.64,1.57,1.55,1.29,0.61,0.20,0.15,0.13,0.10,0.11,0.10,0.11,0.10,0.09,0.07,0.07,0.05,0.04,0.04,0.06,0.06,0.06,0.06,0.06,0.10,0.11,0.25,0.49,0.61,0.91,1.27,2.12,2.46,2.91,3.50,4.03,4.31,4.45,4.61,4.83,4.80,5.10,5.17,5.17,5.33,5.33,5.35,5.35,5.34,5.30,5.27,5.32,5.32,5.32,5.32,5.30,5.22,5.04
"90-Day AA Nonfinancial Commercial Paper Interest Rate","Percent","1","NA",H15/H15/RIFSPPNAAD90_N.M,RIFSPPNAAD90_N.M,,,,,,,,,,,,,,,,,,,,,,,,,,,,,,,,,,,,,,,,,,,,,,,,,,,,,,,,,,,,,,,,,,,,,,,,,,,,,,,,,,,,,,,,,,,,,,,,,,,,,,,,,,,,,,,,,,,,,,,,,,,,,,,,,,,,,,,,,,,,,,,,,,,,,,,,,,,,,,,,,,,,,,,,,,,,,,,,,,,,,,,,,,,,,,,,,,,,,,,,,,,,,,,,,,,,,,,,,,,,,,,,,,,,,,,,,,,,,,,,,,,,,,,,,,,,,,,,,,,,,,,,,,,,,,,,,,,,,,,,,,,,,,,,,,,,,,,,,,,,,,,,,,,,,,,,,,,,,,,,,,,,,,,,,,,,,,,,,,,,,,,,,,,,,,,,,,,,,,,,,,,,,,,,,,,,,,,,,,,,,,,,,,,,,,,,,,,,,,,,,,,,,,,,,,,,,,,,,,,,,,,,,,,,,,,,,,,,,,,,,,,,,5.30,5.27,5.39,5.57,5.57,5.54,5.49,5.48,5.48,5.51,5.60,5.67,5.42,5.42,5.46,5.46,5.48,5.48,5.48,5.48,5.31,5.04,5.06,5.00,4.77,4.79,4.81,4.79,4.81,4.98,5.11,5.25,5.32,5.88,5.81,5.87,5.74,5.87,6.00,6.11,6.54,6.57,6.52,6.49,6.47,6.51,6.50,6.34,5.49,5.14,4.78,4.44,3.93,3.67,3.59,3.42,2.81,2.28,1.97,1.78,1.70,1.79,1.86,1.81,1.78,1.76,1.75,1.70,1.72,1.70,1.36,1.31,1.26,1.26,1.19,1.20,1.19,1.01,1.01,1.04,1.04,1.05,1.06,1.05,1.01,1.01,1.00,1.05,1.07,1.34,1.50,1.62,1.75,1.95,2.18,2.34,2.53,ND,2.82,2.97,3.09,3.27,3.47,3.64,3.72,4.01,4.23,ND,ND,4.55,4.76,4.87,5.01,5.29,ND,5.21,5.21,5.19,5.17,5.19,5.17,5.18,5.20,5.20,5.19,5.23,5.22,5.25,4.92,4.63,4.42,4.23,3.25,2.72,2.35,1.99,2.00,2.21,2.18,2.08,2.13,2.07,1.45,0.97,0.31,0.48,0.37,0.28,0.23,0.26,0.28,0.24,0.19,0.19,0.15,0.16,0.13,0.15,0.20,0.23,0.28,0.32,0.27,0.25,0.24,0.23,0.23,0.23,0.24,0.23,0.23,0.20,0.16,0.15,0.14,0.16,0.14,0.15,0.14,0.14,0.14,0.17,0.18,0.20,0.19,0.21,0.22,0.20,0.20,0.19,0.20,0.20,0.16,0.17,0.15,0.12,0.10,0.10,0.11,0.09,0.08,0.11,0.09,0.09,0.09,0.10,0.10,0.10,0.10,0.10,0.10,0.11,0.10,0.10,0.10,0.13,0.12,0.12,0.11,0.10,0.12,0.14,0.13,0.18,0.22,0.18,0.20,0.36,0.47,0.47,0.47,0.48,0.48,0.49,0.46,0.50,0.53,0.58,0.62,0.74,0.80,0.77,0.87,0.92,0.95,1.10,1.17,1.18,1.18,1.21,1.28,1.43,1.59,1.69,1.90,2.00,2.03,2.08,2.12,2.12,2.19,2.31,2.45,2.52,2.55,2.49,2.49,2.47,2.44,2.31,2.19,2.07,1.95,1.80,1.62,1.70,1.58,1.56,1.44,0.98,0.28,0.18,0.14,0.12,0.12,0.11,0.13,0.13,0.10,0.08,0.08,0.06,0.05,0.05,0.06,0.06,0.06,0.06,0.08,0.13,0.15,0.21,0.63,0.87,1.08,1.07,2.44,2.57,ND,3.81,4.25,4.45,4.56,4.71,4.86,4.88,5.10,5.20,ND,5.34,5.34,5.38,5.38,5.36,5.31,ND,5.32,5.34,ND,5.32,5.26,5.12,4.85
"30-Day AA Financial Commercial Paper Interest Rate","Percent","1","NA",H15/H15/RIFSPPFAAD30_N.M,RIFSPPFAAD30_N.M,,,,,,,,,,,,,,,,,,,,,,,,,,,,,,,,,,,,,,,,,,,,,,,,,,,,,,,,,,,,,,,,,,,,,,,,,,,,,,,,,,,,,,,,,,,,,,,,,,,,,,,,,,,,,,,,,,,,,,,,,,,,,,,,,,,,,,,,,,,,,,,,,,,,,,,,,,,,,,,,,,,,,,,,,,,,,,,,,,,,,,,,,,,,,,,,,,,,,,,,,,,,,,,,,,,,,,,,,,,,,,,,,,,,,,,,,,,,,,,,,,,,,,,,,,,,,,,,,,,,,,,,,,,,,,,,,,,,,,,,,,,,,,,,,,,,,,,,,,,,,,,,,,,,,,,,,,,,,,,,,,,,,,,,,,,,,,,,,,,,,,,,,,,,,,,,,,,,,,,,,,,,,,,,,,,,,,,,,,,,,,,,,,,,,,,,,,,,,,,,,,,,,,,,,,,,,,,,,,,,,,,,,,,,,,,,,,,,,,,,,,,,,5.30,5.26,5.38,5.51,5.53,5.52,5.50,5.50,5.51,5.50,5.55,5.80,5.48,5.49,5.53,5.51,5.50,5.53,5.52,5.51,5.45,5.18,5.04,5.31,4.83,4.82,4.84,4.80,4.80,4.96,5.08,5.20,5.29,5.29,5.38,6.02,5.62,5.78,5.94,6.03,6.41,6.53,6.50,6.49,6.49,6.48,6.49,6.52,5.75,5.41,5.06,4.74,4.08,3.84,3.73,3.57,2.97,2.42,2.04,1.83,1.72,1.77,1.80,1.76,1.76,1.75,1.74,1.72,1.74,1.73,1.34,1.31,1.26,1.25,1.23,1.24,1.24,1.08,1.02,1.04,1.04,1.03,1.03,1.05,1.01,1.01,1.01,1.02,1.02,1.15,1.32,1.49,1.69,1.80,2.03,2.26,2.37,2.52,2.71,2.87,3.00,3.15,3.31,3.50,3.69,3.88,4.04,4.25,4.37,4.50,4.66,4.81,4.99,5.16,5.28,5.26,5.24,5.23,5.23,5.25,5.25,5.24,5.24,5.24,5.24,5.25,5.25,5.27,5.04,4.76,4.51,4.51,3.71,3.00,2.61,2.56,2.28,2.34,2.34,2.39,2.69,2.77,1.29,0.60,0.34,0.45,0.40,0.35,0.29,0.27,0.23,0.21,0.18,0.17,0.15,0.13,0.11,0.15,0.20,0.21,0.26,0.24,0.23,0.21,0.20,0.20,0.21,0.19,0.21,0.20,0.17,0.14,0.12,0.11,0.09,0.13,0.10,0.11,0.09,0.06,0.06,0.09,0.12,0.10,0.12,0.13,0.13,0.14,0.11,0.12,0.15,0.10,0.11,0.11,0.11,0.10,0.09,0.07,0.08,0.07,0.06,0.09,0.07,0.07,0.07,0.07,0.07,0.07,0.07,0.07,0.08,0.09,0.09,0.08,0.09,0.11,0.12,0.10,0.09,0.08,0.09,0.11,0.11,0.13,0.15,0.13,0.13,0.30,0.38,0.41,0.41,0.41,0.38,0.39,0.40,0.42,0.45,0.46,0.48,0.61,0.71,0.71,0.83,0.91,0.95,1.08,1.15,1.16,1.17,1.16,1.20,1.40,1.48,1.51,1.72,1.82,1.82,1.91,1.96,1.98,2.03,2.21,2.30,2.38,2.43,2.41,2.43,2.42,2.41,2.34,2.30,2.09,2.02,1.83,1.61,1.65,1.57,1.58,1.44,0.10,0.08,0.11,0.12,0.10,0.09,0.09,0.13,0.11,0.10,0.09,0.08,0.08,0.06,0.06,0.08,0.08,0.08,0.08,0.11,0.08,0.10,0.15,0.36,0.50,0.91,1.40,2.03,2.38,2.79,3.32,3.90,4.21,4.45,4.60,4.74,4.87,5.08,5.13,5.22,5.37,5.38,5.38,5.37,5.33,5.31,5.32,5.31,5.33,5.32,5.32,5.32,5.25,5.07
"60-Day AA Financial Commercial Paper Interest Rate","Percent","1","NA",H15/H15/RIFSPPFAAD60_N.M,RIFSPPFAAD60_N.M,,,,,,,,,,,,,,,,,,,,,,,,,,,,,,,,,,,,,,,,,,,,,,,,,,,,,,,,,,,,,,,,,,,,,,,,,,,,,,,,,,,,,,,,,,,,,,,,,,,,,,,,,,,,,,,,,,,,,,,,,,,,,,,,,,,,,,,,,,,,,,,,,,,,,,,,,,,,,,,,,,,,,,,,,,,,,,,,,,,,,,,,,,,,,,,,,,,,,,,,,,,,,,,,,,,,,,,,,,,,,,,,,,,,,,,,,,,,,,,,,,,,,,,,,,,,,,,,,,,,,,,,,,,,,,,,,,,,,,,,,,,,,,,,,,,,,,,,,,,,,,,,,,,,,,,,,,,,,,,,,,,,,,,,,,,,,,,,,,,,,,,,,,,,,,,,,,,,,,,,,,,,,,,,,,,,,,,,,,,,,,,,,,,,,,,,,,,,,,,,,,,,,,,,,,,,,,,,,,,,,,,,,,,,,,,,,,,,,,,,,,,,,5.31,5.28,5.42,5.56,5.56,5.55,5.51,5.50,5.51,5.50,5.65,5.72,5.46,5.47,5.51,5.49,5.50,5.52,5.51,5.51,5.38,5.12,5.19,5.13,4.81,4.82,4.83,4.80,4.82,5.00,5.10,5.24,5.31,5.32,5.85,5.95,5.72,5.84,5.98,6.07,6.50,6.56,6.51,6.49,6.48,6.47,6.54,6.42,5.62,5.29,4.93,4.57,4.00,3.75,3.66,3.48,2.87,2.31,2.02,1.81,1.71,1.78,1.82,1.79,1.77,1.77,1.75,1.72,1.74,1.72,1.37,1.32,1.27,1.25,1.22,1.23,1.22,1.04,1.03,1.05,1.05,1.04,1.06,1.07,1.02,1.02,1.02,1.03,1.08,1.26,1.41,1.57,1.74,1.90,2.13,2.32,2.46,2.61,2.81,2.96,3.08,3.22,3.41,3.60,3.74,3.96,4.16,4.32,4.43,4.57,4.73,4.90,5.02,5.21,5.34,5.27,5.25,5.23,5.24,5.24,5.24,5.23,5.23,5.24,5.23,5.24,5.24,5.28,5.07,4.79,4.69,4.66,3.72,2.95,2.65,2.61,2.43,2.53,2.52,2.54,2.78,2.96,1.50,0.83,0.63,0.62,0.53,0.35,0.40,0.33,0.30,0.23,0.20,0.17,0.16,0.16,0.15,0.18,0.21,0.28,0.33,0.36,0.27,0.23,0.23,0.22,0.23,0.23,0.24,0.23,0.20,0.17,0.14,0.13,0.13,0.18,0.15,0.15,0.17,0.10,0.12,0.13,0.14,0.15,0.15,0.16,0.14,0.16,0.16,0.16,0.19,0.13,0.15,0.12,0.13,0.13,0.11,0.10,0.10,0.09,0.08,0.12,0.09,0.10,0.09,0.11,0.10,0.09,0.08,0.08,0.10,0.11,0.10,0.10,0.11,0.14,0.14,0.12,0.12,0.10,0.12,0.14,0.15,0.20,0.21,0.19,0.21,0.40,0.47,0.47,0.47,0.47,0.47,0.47,0.50,0.56,0.60,0.60,0.60,0.73,0.81,0.78,0.90,0.97,1.00,1.12,1.18,1.20,1.21,1.20,1.27,1.47,1.55,1.66,1.91,2.00,1.99,2.05,2.07,2.08,2.13,2.29,2.41,2.54,2.54,2.45,2.45,2.44,2.43,2.31,2.23,2.08,2.04,1.81,1.73,1.74,1.61,1.58,1.73,ND,0.16,0.16,0.17,0.11,0.09,0.11,0.14,0.21,0.12,0.13,0.10,0.10,0.08,0.10,0.10,0.10,ND,0.09,0.12,0.16,0.15,0.28,0.52,0.75,1.12,1.73,2.24,2.53,3.33,3.45,4.10,4.37,4.57,ND,NA,4.95,5.14,5.26,5.34,5.43,5.48,5.43,5.43,5.42,5.31,5.33,5.32,5.31,5.32,ND,5.29,5.23,4.92
"90-Day AA Financial Commercial Paper Interest Rate","Percent","1","NA",H15/H15/RIFSPPFAAD90_N.M,RIFSPPFAAD90_N.M,,,,,,,,,,,,,,,,,,,,,,,,,,,,,,,,,,,,,,,,,,,,,,,,,,,,,,,,,,,,,,,,,,,,,,,,,,,,,,,,,,,,,,,,,,,,,,,,,,,,,,,,,,,,,,,,,,,,,,,,,,,,,,,,,,,,,,,,,,,,,,,,,,,,,,,,,,,,,,,,,,,,,,,,,,,,,,,,,,,,,,,,,,,,,,,,,,,,,,,,,,,,,,,,,,,,,,,,,,,,,,,,,,,,,,,,,,,,,,,,,,,,,,,,,,,,,,,,,,,,,,,,,,,,,,,,,,,,,,,,,,,,,,,,,,,,,,,,,,,,,,,,,,,,,,,,,,,,,,,,,,,,,,,,,,,,,,,,,,,,,,,,,,,,,,,,,,,,,,,,,,,,,,,,,,,,,,,,,,,,,,,,,,,,,,,,,,,,,,,,,,,,,,,,,,,,,,,,,,,,,,,,,,,,,,,,,,,,,,,,,,,,,5.32,5.28,5.42,5.60,5.60,5.56,5.51,5.50,5.51,5.55,5.64,5.70,5.44,5.45,5.49,5.48,5.50,5.50,5.50,5.50,5.32,5.09,5.15,5.04,4.81,4.82,4.84,4.80,4.83,5.04,5.14,5.28,5.32,5.93,5.85,5.93,5.81,5.90,6.03,6.15,6.57,6.59,6.54,6.49,6.47,6.52,6.52,6.33,5.51,5.19,4.81,4.47,3.96,3.69,3.62,3.44,2.84,2.29,2.00,1.81,1.72,1.80,1.87,1.83,1.80,1.78,1.76,1.71,1.74,1.71,1.37,1.32,1.27,1.25,1.21,1.23,1.20,1.02,1.03,1.06,1.06,1.06,1.08,1.07,1.04,1.03,1.03,1.06,1.16,1.39,1.51,1.65,1.81,1.97,2.20,2.38,2.56,2.71,2.91,3.02,3.15,3.30,3.49,3.69,3.79,4.05,4.23,4.37,4.48,4.63,4.79,4.94,5.05,5.25,5.37,5.29,5.25,5.24,5.24,5.24,5.24,5.23,5.22,5.23,5.23,5.25,5.25,5.30,5.19,4.91,4.75,4.76,3.70,3.03,2.70,2.72,2.61,2.70,2.72,2.76,2.91,3.19,1.54,1.09,1.10,0.67,0.62,0.48,0.37,0.36,0.33,0.29,0.23,0.22,0.19,0.20,0.18,0.20,0.24,0.30,0.44,0.46,0.37,0.27,0.25,0.25,0.25,0.27,0.26,0.25,0.23,0.22,0.18,0.17,0.17,0.21,0.22,0.24,0.21,0.18,0.26,0.21,0.20,0.20,0.20,0.21,0.24,0.19,0.17,0.19,0.21,0.17,0.19,0.16,0.15,0.16,0.14,0.14,0.14,0.12,0.11,0.12,0.12,0.14,0.12,0.13,0.12,0.12,0.11,0.11,0.13,0.13,0.12,0.12,0.13,0.15,0.16,0.15,0.14,0.13,0.15,0.18,0.19,0.26,0.27,0.25,0.30,0.54,0.57,0.54,0.55,0.55,0.57,0.55,0.62,0.73,0.75,0.72,0.71,0.87,0.90,0.87,0.98,1.03,1.05,1.16,1.22,1.25,1.25,1.26,1.32,1.54,1.63,1.78,2.08,2.20,2.16,2.19,2.17,2.19,2.24,2.37,2.56,2.69,2.59,2.49,2.48,2.47,2.44,2.30,2.22,2.06,2.03,1.88,1.77,1.76,1.65,1.59,1.35,ND,0.17,0.20,0.18,0.15,0.13,0.12,0.16,0.17,0.14,0.11,0.10,0.11,0.10,0.09,0.10,0.10,0.10,0.11,0.14,0.17,0.22,0.38,0.73,0.91,1.33,1.87,2.50,2.76,3.21,3.85,4.46,4.51,4.61,4.74,4.91,5.03,5.15,5.22,5.35,5.44,5.49,5.46,5.41,5.32,5.26,5.22,5.29,5.33,5.33,5.28,5.31,5.12,4.86
"Average majority prime rate charged by banks   on short-term loans to business,   quoted on an investment basis","Percent:_Per_Year","1","NA",H15/H15/RIFSPBLP_N.M,RIFSPBLP_N.M,5.00,5.00,5.00,5.00,5.00,5.00,5.00,4.85,4.50,4.50,4.50,4.50,4.50,4.50,4.50,4.50,4.50,4.50,4.50,4.50,4.50,4.50,4.50,4.50,4.50,4.50,4.50,4.50,4.50,4.50,4.50,4.50,4.50,4.50,4.50,4.50,4.50,4.50,4.50,4.50,4.50,4.50,4.50,4.50,4.50,4.50,4.50,4.50,4.50,4.50,4.50,4.50,4.50,4.50,4.50,4.50,4.50,4.50,4.50,4.50,4.50,4.50,4.50,4.50,4.50,4.50,4.50,4.50,4.50,4.50,4.50,4.92,5.00,5.00,5.35,5.50,5.50,5.52,5.75,5.88,6.00,6.00,6.00,6.00,5.96,5.75,5.71,5.50,5.50,5.50,5.50,5.50,5.50,5.50,5.68,6.00,6.00,6.00,6.00,6.20,6.50,6.50,6.50,6.50,6.45,6.25,6.25,6.60,6.95,7.00,7.24,7.50,7.50,8.23,8.50,8.50,8.50,8.50,8.50,8.50,8.50,8.50,8.39,8.00,8.00,8.00,8.00,8.00,7.83,7.50,7.28,6.92,6.29,5.88,5.44,5.28,5.46,5.50,5.91,6.00,6.00,5.90,5.53,5.49,5.18,4.75,4.75,4.97,5.00,5.04,5.25,5.27,5.50,5.73,5.75,5.79,6.00,6.02,6.30,6.61,7.01,7.49,8.30,9.23,9.86,9.94,9.75,9.75,9.73,9.21,8.85,10.02,11.25,11.54,11.97,12.00,12.00,11.68,10.83,10.50,10.05,8.96,7.93,7.50,7.40,7.07,7.15,7.66,7.88,7.96,7.53,7.26,7.00,6.75,6.75,6.75,6.75,7.20,7.25,7.01,7.00,6.77,6.50,6.35,6.25,6.25,6.25,6.25,6.41,6.75,6.75,6.83,7.13,7.52,7.75,7.75,7.93,8.00,8.00,8.00,8.27,8.63,9.00,9.01,9.41,9.94,10.94,11.55,11.75,11.75,11.75,11.75,11.75,11.65,11.54,11.91,12.90,14.39,15.55,15.30,15.25,15.63,18.31,19.77,16.57,12.63,11.48,11.12,12.23,13.79,16.06,20.35,20.16,19.43,18.05,17.15,19.61,20.03,20.39,20.50,20.08,18.45,16.84,15.75,15.75,16.56,16.50,16.50,16.50,16.50,16.26,14.39,13.50,12.52,11.85,11.50,11.16,10.98,10.50,10.50,10.50,10.50,10.50,10.89,11.00,11.00,11.00,11.00,11.00,11.00,11.21,11.93,12.39,12.60,13.00,13.00,12.97,12.58,11.77,11.06,10.61,10.50,10.50,10.50,10.31,9.78,9.50,9.50,9.50,9.50,9.50,9.50,9.50,9.50,9.10,8.83,8.50,8.50,8.16,7.90,7.50,7.50,7.50,7.50,7.50,7.50,7.50,7.75,8.14,8.25,8.25,8.25,8.70,9.07,8.78,8.75,8.75,8.51,8.50,8.50,8.84,9.00,9.29,9.84,10.00,10.00,10.05,10.50,10.50,10.93,11.50,11.50,11.50,11.07,10.98,10.50,10.50,10.50,10.50,10.50,10.11,10.00,10.00,10.00,10.00,10.00,10.00,10.00,10.00,10.00,10.00,10.00,9.52,9.05,9.00,9.00,8.50,8.50,8.50,8.50,8.20,8.00,7.58,7.21,6.50,6.50,6.50,6.50,6.50,6.50,6.02,6.00,6.00,6.00,6.00,6.00,6.00,6.00,6.00,6.00,6.00,6.00,6.00,6.00,6.00,6.00,6.00,6.00,6.00,6.00,6.06,6.45,6.99,7.25,7.25,7.51,7.75,7.75,8.15,8.50,8.50,9.00,9.00,9.00,9.00,9.00,8.80,8.75,8.75,8.75,8.75,8.65,8.50,8.25,8.25,8.25,8.25,8.25,8.25,8.25,8.25,8.25,8.25,8.25,8.25,8.25,8.30,8.50,8.50,8.50,8.50,8.50,8.50,8.50,8.50,8.50,8.50,8.50,8.50,8.50,8.50,8.50,8.50,8.50,8.49,8.12,7.89,7.75,7.75,7.75,7.75,7.75,7.75,7.75,8.00,8.06,8.25,8.25,8.37,8.50,8.50,8.73,8.83,9.00,9.24,9.50,9.50,9.50,9.50,9.50,9.50,9.50,9.05,8.50,8.32,7.80,7.24,6.98,6.75,6.67,6.28,5.53,5.10,4.84,4.75,4.75,4.75,4.75,4.75,4.75,4.75,4.75,4.75,4.75,4.35,4.25,4.25,4.25,4.25,4.25,4.25,4.22,4.00,4.00,4.00,4.00,4.00,4.00,4.00,4.00,4.00,4.00,4.00,4.01,4.25,4.43,4.58,4.75,4.93,5.15,5.25,5.49,5.58,5.75,5.98,6.01,6.25,6.44,6.59,6.75,7.00,7.15,7.26,7.50,7.53,7.75,7.93,8.02,8.25,8.25,8.25,8.25,8.25,8.25,8.25,8.25,8.25,8.25,8.25,8.25,8.25,8.25,8.03,7.74,7.50,7.33,6.98,6.00,5.66,5.24,5.00,5.00,5.00,5.00,5.00,4.56,4.00,3.61,3.25,3.25,3.25,3.25,3.25,3.25,3.25,3.25,3.25,3.25,3.25,3.25,3.25,3.25,3.25,3.25,3.25,3.25,3.25,3.25,3.25,3.25,3.25,3.25,3.25,3.25,3.25,3.25,3.25,3.25,3.25,3.25,3.25,3.25,3.25,3.25,3.25,3.25,3.25,3.25,3.25,3.25,3.25,3.25,3.25,3.25,3.25,3.25,3.25,3.25,3.25,3.25,3.25,3.25,3.25,3.25,3.25,3.25,3.25,3.25,3.25,3.25,3.25,3.25,3.25,3.25,3.25,3.25,3.25,3.25,3.25,3.25,3.25,3.25,3.25,3.25,3.25,3.25,3.25,3.25,3.25,3.25,3.25,3.37,3.50,3.50,3.50,3.50,3.50,3.50,3.50,3.50,3.50,3.50,3.50,3.64,3.75,3.75,3.88,4.00,4.00,4.13,4.25,4.25,4.25,4.25,4.25,4.40,4.50,4.50,4.58,4.75,4.75,4.89,5.00,5.00,5.03,5.25,5.25,5.35,5.50,5.50,5.50,5.50,5.50,5.50,5.50,5.25,5.15,4.99,4.75,4.75,4.75,4.75,3.78,3.25,3.25,3.25,3.25,3.25,3.25,3.25,3.25,3.25,3.25,3.25,3.25,3.25,3.25,3.25,3.25,3.25,3.25,3.25,3.25,3.25,3.25,3.25,3.37,3.50,3.94,4.38,4.85,5.50,5.73,6.25,6.95,7.27,7.50,7.74,7.82,8.00,8.23,8.25,8.29,8.50,8.50,8.50,8.50,8.50,8.50,8.50,8.50,8.50,8.50,8.50,8.50,8.50,8.30
"The rate charged for primary credit under   amendment to the Board's Regulation A","Percent:_Per_Year","1","NA",H15/H15/RIFSRP_F02_N.M,RIFSRP_F02_N.M,,,,,,,,,,,,,,,,,,,,,,,,,,,,,,,,,,,,,,,,,,,,,,,,,,,,,,,,,,,,,,,,,,,,,,,,,,,,,,,,,,,,,,,,,,,,,,,,,,,,,,,,,,,,,,,,,,,,,,,,,,,,,,,,,,,,,,,,,,,,,,,,,,,,,,,,,,,,,,,,,,,,,,,,,,,,,,,,,,,,,,,,,,,,,,,,,,,,,,,,,,,,,,,,,,,,,,,,,,,,,,,,,,,,,,,,,,,,,,,,,,,,,,,,,,,,,,,,,,,,,,,,,,,,,,,,,,,,,,,,,,,,,,,,,,,,,,,,,,,,,,,,,,,,,,,,,,,,,,,,,,,,,,,,,,,,,,,,,,,,,,,,,,,,,,,,,,,,,,,,,,,,,,,,,,,,,,,,,,,,,,,,,,,,,,,,,,,,,,,,,,,,,,,,,,,,,,,,,,,,,,,,,,,,,,,,,,,,,,,,,,,,,,,,,,,,,,,,,,,,,,,,,,,,,,,,,,,,,,,,,,,,,,,,,,,,,,,,,,,,,,,,,,,,,,,,,,,,,,2.25,2.25,2.25,2.25,2.20,2.00,2.00,2.00,2.00,2.00,2.00,2.00,2.00,2.00,2.00,2.00,2.01,2.25,2.43,2.58,2.75,2.93,3.15,3.25,3.49,3.58,3.75,3.98,4.01,4.25,4.44,4.59,4.75,5.00,5.15,5.26,5.50,5.53,5.75,5.93,6.02,6.25,6.25,6.25,6.25,6.25,6.25,6.25,6.25,6.25,6.25,6.25,6.25,6.25,6.01,5.53,5.24,5.00,4.83,4.48,3.50,3.04,2.49,2.25,2.25,2.25,2.25,2.25,1.81,1.25,0.86,0.50,0.50,0.50,0.50,0.50,0.50,0.50,0.50,0.50,0.50,0.50,0.50,0.50,0.59,0.75,0.75,0.75,0.75,0.75,0.75,0.75,0.75,0.75,0.75,0.75,0.75,0.75,0.75,0.75,0.75,0.75,0.75,0.75,0.75,0.75,0.75,0.75,0.75,0.75,0.75,0.75,0.75,0.75,0.75,0.75,0.75,0.75,0.75,0.75,0.75,0.75,0.75,0.75,0.75,0.75,0.75,0.75,0.75,0.75,0.75,0.75,0.75,0.75,0.75,0.75,0.75,0.75,0.75,0.75,0.75,0.75,0.75,0.75,0.75,0.75,0.75,0.75,0.75,0.75,0.75,0.75,0.75,0.75,0.87,1.00,1.00,1.00,1.00,1.00,1.00,1.00,1.00,1.00,1.00,1.00,1.14,1.25,1.25,1.38,1.50,1.50,1.63,1.75,1.75,1.75,1.75,1.75,1.90,2.00,2.00,2.08,2.25,2.25,2.39,2.50,2.50,2.53,2.75,2.75,2.85,3.00,3.00,3.00,3.00,3.00,3.00,3.00,2.75,2.65,2.49,2.25,2.25,2.25,2.25,1.02,0.25,0.25,0.25,0.25,0.25,0.25,0.25,0.25,0.25,0.25,0.25,0.25,0.25,0.25,0.25,0.25,0.25,0.25,0.25,0.25,0.25,0.25,0.25,0.37,0.50,0.94,1.38,1.85,2.50,2.73,3.25,3.95,4.27,4.50,4.74,4.82,5.00,5.23,5.25,5.29,5.50,5.50,5.50,5.50,5.50,5.50,5.50,5.50,5.50,5.50,5.50,5.50,5.50,5.30
"4-week Treasury bill secondary market rate   discount basis","Percent:_Per_Year","1","NA",H15/H15/RIFSGFSW04_N.M,RIFSGFSW04_N.M,,,,,,,,,,,,,,,,,,,,,,,,,,,,,,,,,,,,,,,,,,,,,,,,,,,,,,,,,,,,,,,,,,,,,,,,,,,,,,,,,,,,,,,,,,,,,,,,,,,,,,,,,,,,,,,,,,,,,,,,,,,,,,,,,,,,,,,,,,,,,,,,,,,,,,,,,,,,,,,,,,,,,,,,,,,,,,,,,,,,,,,,,,,,,,,,,,,,,,,,,,,,,,,,,,,,,,,,,,,,,,,,,,,,,,,,,,,,,,,,,,,,,,,,,,,,,,,,,,,,,,,,,,,,,,,,,,,,,,,,,,,,,,,,,,,,,,,,,,,,,,,,,,,,,,,,,,,,,,,,,,,,,,,,,,,,,,,,,,,,,,,,,,,,,,,,,,,,,,,,,,,,,,,,,,,,,,,,,,,,,,,,,,,,,,,,,,,,,,,,,,,,,,,,,,,,,,,,,,,,,,,,,,,,,,,,,,,,,,,,,,,,,,,,,,,,,,,,,,,,,,,,,,,,,,,,,,,,,,,,,,,,,,,,,,,,,,,,,,,3.61,3.48,2.63,2.24,1.96,1.69,1.65,1.70,1.75,1.69,1.71,1.68,1.69,1.66,1.65,1.60,1.24,1.18,1.15,1.18,1.16,1.14,1.06,0.96,0.88,0.93,0.89,0.89,0.92,0.87,0.83,0.90,0.95,0.89,0.89,1.02,1.16,1.35,1.52,1.60,1.88,1.92,1.99,2.32,2.60,2.59,2.59,2.78,3.04,3.28,3.16,3.44,3.84,3.61,4.03,4.31,4.47,4.52,4.61,4.62,4.80,5.08,4.68,4.88,5.13,4.78,4.84,5.09,5.11,4.89,4.72,4.42,4.71,4.11,3.70,3.72,3.63,2.79,2.68,2.23,1.34,1.04,1.73,1.69,1.58,1.65,0.86,0.26,0.09,0.03,0.05,0.22,0.10,0.09,0.14,0.10,0.15,0.12,0.06,0.04,0.05,0.03,0.02,0.06,0.11,0.15,0.15,0.08,0.16,0.15,0.12,0.14,0.13,0.08,0.14,0.11,0.06,0.03,0.02,0.02,0.04,0.02,0.00,0.01,0.01,0.00,0.02,0.06,0.06,0.07,0.07,0.05,0.07,0.09,0.07,0.11,0.13,0.04,0.05,0.08,0.08,0.05,0.02,0.03,0.02,0.04,0.02,0.11,0.05,0.02,0.02,0.05,0.05,0.02,0.03,0.02,0.02,0.03,0.01,0.02,0.04,0.03,0.02,0.02,0.02,0.02,0.01,0.00,0.03,0.03,-0.00,0.01,0.07,0.17,0.22,0.25,0.25,0.19,0.22,0.22,0.26,0.26,0.18,0.24,0.29,0.41,0.49,0.47,0.65,0.73,0.71,0.82,0.95,0.96,0.98,0.98,1.07,1.18,1.27,1.36,1.61,1.63,1.67,1.77,1.86,1.91,2.00,2.14,2.19,2.32,2.36,2.39,2.41,2.38,2.36,2.18,2.11,2.03,1.95,1.70,1.55,1.52,1.50,1.55,0.36,0.11,0.10,0.13,0.11,0.08,0.09,0.09,0.09,0.08,0.08,0.04,0.02,0.02,0.01,0.03,0.05,0.04,0.05,0.05,0.07,0.04,0.05,0.04,0.17,0.30,0.56,1.03,1.80,2.19,2.52,3.18,3.72,3.72,4.33,4.51,4.33,4.02,5.31,5.04,5.20,5.28,5.29,5.30,5.29,5.27,5.28,5.28,5.28,5.28,5.27,5.25,5.28,5.25,4.86
"3-month Treasury bill secondary market rate   discount basis","Percent:_Per_Year","1","NA",H15/H15/RIFSGFSM03_N.M,RIFSGFSM03_N.M,4.35,3.96,3.31,3.23,3.29,2.46,2.30,2.30,2.48,2.30,2.37,2.25,2.24,2.42,2.39,2.29,2.29,2.33,2.24,2.39,2.28,2.30,2.48,2.60,2.72,2.73,2.72,2.73,2.69,2.73,2.92,2.82,2.78,2.74,2.83,2.87,2.91,2.92,2.89,2.90,2.93,2.99,3.18,3.32,3.38,3.45,3.52,3.52,3.52,3.53,3.54,3.47,3.48,3.48,3.46,3.50,3.53,3.57,3.64,3.84,3.81,3.93,3.93,3.93,3.89,3.80,3.84,3.84,3.92,4.03,4.09,4.38,4.59,4.65,4.59,4.62,4.64,4.50,4.80,4.96,5.37,5.35,5.32,4.96,4.72,4.56,4.26,3.84,3.60,3.54,4.21,4.27,4.42,4.56,4.73,4.97,5.00,4.98,5.17,5.38,5.66,5.52,5.31,5.09,5.19,5.35,5.45,5.96,6.14,6.12,6.02,6.11,6.04,6.44,7.00,6.98,7.09,7.00,7.24,7.82,7.87,7.13,6.63,6.51,6.84,6.68,6.45,6.41,6.12,5.91,5.28,4.87,4.44,3.70,3.38,3.86,4.14,4.75,5.40,4.94,4.69,4.46,4.22,4.01,3.38,3.20,3.73,3.71,3.69,3.91,3.98,4.02,4.66,4.74,4.78,5.07,5.41,5.60,6.09,6.26,6.36,7.19,8.01,8.67,8.29,7.22,7.83,7.45,7.77,7.12,7.96,8.33,8.23,7.90,7.55,8.96,8.06,7.46,7.47,7.15,6.26,5.50,5.49,5.61,5.23,5.34,6.13,6.44,6.42,5.96,5.48,5.44,4.87,4.88,5.00,4.86,5.20,5.41,5.23,5.14,5.08,4.92,4.75,4.35,4.62,4.67,4.60,4.54,4.96,5.02,5.19,5.49,5.81,6.16,6.10,6.07,6.44,6.45,6.29,6.29,6.41,6.73,7.01,7.08,7.85,7.99,8.64,9.08,9.35,9.32,9.48,9.46,9.61,9.06,9.24,9.52,10.26,11.70,11.79,12.04,12.00,12.86,15.20,13.20,8.58,7.07,8.06,9.13,10.27,11.62,13.73,15.49,15.02,14.79,13.36,13.69,16.30,14.73,14.95,15.51,14.70,13.54,10.86,10.85,12.28,13.48,12.68,12.70,12.09,12.47,11.35,8.68,7.92,7.71,8.07,7.94,7.86,8.11,8.35,8.21,8.19,8.79,9.08,9.34,9.00,8.64,8.76,9.00,8.90,9.09,9.52,9.69,9.83,9.87,10.12,10.47,10.37,9.74,8.61,8.06,7.76,8.27,8.52,7.95,7.48,6.95,7.08,7.14,7.10,7.16,7.24,7.10,7.07,7.06,6.56,6.06,6.15,6.21,5.83,5.53,5.21,5.18,5.35,5.53,5.43,5.59,5.59,5.64,5.66,5.67,5.69,6.04,6.40,6.13,5.69,5.77,5.81,5.66,5.70,5.91,6.26,6.46,6.73,7.06,7.24,7.35,7.76,8.07,8.27,8.53,8.82,8.65,8.43,8.15,7.88,7.90,7.75,7.64,7.69,7.63,7.64,7.74,7.90,7.77,7.74,7.73,7.62,7.45,7.36,7.17,7.06,6.74,6.22,5.94,5.91,5.65,5.46,5.57,5.58,5.33,5.22,4.99,4.56,4.07,3.80,3.84,4.04,3.75,3.63,3.66,3.21,3.13,2.91,2.86,3.13,3.22,3.00,2.93,2.95,2.87,2.96,3.07,3.04,3.02,2.95,3.02,3.10,3.06,2.98,3.25,3.50,3.68,4.14,4.14,4.33,4.48,4.62,4.95,5.29,5.60,5.71,5.77,5.73,5.65,5.67,5.47,5.42,5.40,5.28,5.28,5.36,5.14,5.00,4.83,4.96,4.95,5.02,5.09,5.15,5.05,5.09,4.99,5.03,4.91,5.03,5.01,5.14,5.16,5.05,4.93,5.05,5.14,4.95,4.97,5.14,5.16,5.04,5.09,5.03,4.95,5.00,4.98,4.96,4.90,4.61,3.96,4.41,4.39,4.34,4.44,4.44,4.29,4.50,4.57,4.55,4.72,4.68,4.86,5.07,5.20,5.32,5.55,5.69,5.66,5.79,5.69,5.96,6.09,6.00,6.11,6.17,5.77,5.15,4.88,4.42,3.87,3.62,3.49,3.51,3.36,2.64,2.16,1.87,1.69,1.65,1.72,1.79,1.71,1.73,1.70,1.68,1.62,1.63,1.58,1.23,1.19,1.17,1.17,1.13,1.13,1.07,0.92,0.90,0.95,0.94,0.92,0.93,0.90,0.88,0.93,0.94,0.94,1.02,1.27,1.33,1.48,1.65,1.76,2.07,2.19,2.33,2.54,2.74,2.78,2.84,2.97,3.22,3.44,3.42,3.71,3.88,3.89,4.24,4.43,4.51,4.60,4.72,4.79,4.95,4.96,4.81,4.92,4.94,4.85,4.98,5.03,4.94,4.87,4.73,4.61,4.82,4.20,3.89,3.90,3.27,3.00,2.75,2.12,1.26,1.29,1.73,1.86,1.63,1.72,1.13,0.67,0.19,0.03,0.13,0.30,0.21,0.16,0.18,0.18,0.18,0.17,0.12,0.07,0.05,0.05,0.06,0.11,0.15,0.16,0.16,0.12,0.16,0.16,0.15,0.13,0.14,0.14,0.15,0.13,0.10,0.06,0.04,0.04,0.04,0.02,0.01,0.02,0.01,0.01,0.03,0.09,0.08,0.08,0.09,0.09,0.10,0.10,0.11,0.10,0.09,0.07,0.07,0.10,0.09,0.06,0.04,0.05,0.04,0.04,0.02,0.05,0.07,0.07,0.04,0.05,0.05,0.03,0.03,0.04,0.03,0.03,0.02,0.02,0.02,0.03,0.03,0.02,0.03,0.02,0.02,0.02,0.03,0.07,0.02,0.02,0.12,0.23,0.26,0.31,0.29,0.23,0.27,0.27,0.30,0.30,0.29,0.33,0.45,0.51,0.51,0.52,0.74,0.80,0.89,0.98,1.07,1.01,1.03,1.07,1.23,1.32,1.41,1.57,1.70,1.76,1.86,1.90,1.96,2.03,2.13,2.25,2.33,2.37,2.37,2.39,2.40,2.38,2.35,2.17,2.10,1.95,1.89,1.65,1.54,1.54,1.52,1.52,0.29,0.14,0.13,0.16,0.13,0.10,0.11,0.10,0.09,0.09,0.08,0.04,0.03,0.02,0.02,0.04,0.05,0.05,0.04,0.05,0.05,0.06,0.15,0.33,0.44,0.76,0.98,1.49,2.23,2.63,3.13,3.72,4.15,4.25,4.54,4.65,4.69,4.92,5.14,5.16,5.25,5.30,5.32,5.34,5.27,5.24,5.22,5.24,5.24,5.24,5.25,5.24,5.20,5.05,4.72
"6-month Treasury bill secondary market rate   discount basis","Percent:_Per_Year","1","NA",H15/H15/RIFSGFSM06_N.M,RIFSGFSM06_N.M,4.74,4.30,3.61,3.55,3.58,2.74,2.71,2.59,2.83,2.73,2.66,2.50,2.47,2.60,2.54,2.47,2.45,2.54,2.45,2.66,2.68,2.66,2.70,2.88,2.94,2.93,2.87,2.83,2.78,2.80,3.08,2.99,2.93,2.84,2.89,2.91,2.96,2.98,2.95,2.98,3.01,3.08,3.31,3.44,3.50,3.58,3.65,3.66,3.64,3.67,3.72,3.66,3.60,3.56,3.56,3.61,3.68,3.72,3.81,3.95,3.94,4.00,4.00,3.99,3.95,3.86,3.90,3.95,4.07,4.19,4.24,4.55,4.71,4.82,4.78,4.74,4.81,4.65,4.93,5.27,5.79,5.62,5.54,5.07,4.74,4.59,4.22,3.89,3.80,3.89,4.72,4.83,4.96,5.07,5.25,5.49,5.24,5.17,5.33,5.49,5.83,5.64,5.41,5.23,5.25,5.41,5.60,6.06,6.28,6.30,6.16,6.13,6.15,6.75,7.24,7.19,7.32,7.29,7.62,7.90,7.78,7.22,6.58,6.60,7.02,6.86,6.51,6.55,6.46,6.21,5.42,4.89,4.47,3.78,3.50,4.03,4.36,4.97,5.63,5.22,4.97,4.60,4.38,4.23,3.66,3.63,4.12,4.23,4.12,4.35,4.50,4.55,5.13,5.13,5.09,5.30,5.62,5.83,6.51,6.52,6.62,7.23,8.12,8.65,8.45,7.32,7.96,7.56,7.65,6.96,7.83,8.32,8.40,8.12,7.94,9.11,8.53,7.74,7.52,7.11,6.36,5.62,5.62,6.00,5.59,5.61,6.50,6.94,6.92,6.25,5.80,5.85,5.14,5.20,5.44,5.18,5.62,5.77,5.53,5.40,5.30,5.06,4.88,4.51,4.83,4.90,4.88,4.80,5.20,5.21,5.40,5.83,6.04,6.43,6.41,6.40,6.70,6.74,6.63,6.73,7.02,7.23,7.44,7.37,7.99,8.55,9.24,9.36,9.47,9.41,9.47,9.49,9.54,9.06,9.24,9.49,10.20,11.66,11.82,11.84,11.84,12.86,15.03,12.88,8.65,7.30,8.06,9.41,10.57,11.63,13.50,14.64,14.08,14.05,12.81,13.45,15.29,14.09,14.74,15.52,14.92,13.82,11.30,11.52,12.83,13.61,12.77,12.80,12.16,12.70,11.88,9.88,9.37,8.29,8.34,8.16,7.93,8.23,8.37,8.30,8.22,8.89,9.26,9.51,9.15,8.83,8.93,9.17,9.01,9.18,9.66,9.84,10.31,10.51,10.52,10.61,10.47,9.87,8.81,8.28,8.00,8.39,8.90,8.23,7.65,7.09,7.20,7.32,7.27,7.33,7.30,7.14,7.16,7.11,6.57,6.08,6.19,6.27,5.86,5.55,5.35,5.26,5.41,5.55,5.44,5.59,5.60,5.90,6.05,5.99,5.76,6.15,6.64,6.69,6.19,6.36,6.25,5.93,5.91,6.21,6.56,6.71,6.99,7.39,7.43,7.50,7.86,8.22,8.36,8.55,8.85,8.65,8.41,7.93,7.61,7.74,7.74,7.62,7.49,7.42,7.55,7.70,7.85,7.84,7.76,7.63,7.52,7.38,7.32,7.16,7.03,6.70,6.28,5.93,5.92,5.71,5.61,5.75,5.70,5.39,5.25,5.04,4.61,4.10,3.87,3.93,4.18,3.87,3.75,3.77,3.28,3.21,2.96,3.04,3.34,3.36,3.14,3.07,3.05,2.97,3.07,3.20,3.16,3.14,3.06,3.12,3.26,3.23,3.15,3.43,3.78,4.09,4.60,4.55,4.75,4.88,5.04,5.39,5.72,6.21,6.21,6.03,5.89,5.77,5.67,5.42,5.37,5.41,5.30,5.32,5.27,5.13,4.92,4.77,4.96,5.06,5.12,5.25,5.30,5.13,5.24,5.11,5.07,5.04,5.10,5.06,5.26,5.37,5.30,5.13,5.12,5.19,5.09,5.09,5.17,5.24,5.03,5.07,5.04,5.06,5.14,5.12,5.03,4.95,4.63,4.05,4.42,4.40,4.33,4.44,4.47,4.37,4.56,4.82,4.58,4.87,4.88,4.98,5.20,5.44,5.50,5.72,5.85,5.81,6.10,5.97,6.00,6.07,5.98,6.04,6.06,5.68,4.95,4.71,4.28,3.85,3.62,3.45,3.45,3.29,2.63,2.12,1.88,1.78,1.73,1.82,2.00,1.92,1.86,1.79,1.69,1.60,1.60,1.56,1.27,1.24,1.20,1.18,1.13,1.14,1.08,0.92,0.95,1.03,1.01,1.00,1.02,0.99,0.97,0.99,0.99,1.09,1.31,1.60,1.66,1.72,1.87,2.00,2.27,2.43,2.61,2.77,3.00,3.05,3.08,3.13,3.42,3.66,3.67,3.99,4.15,4.18,4.31,4.52,4.62,4.72,4.82,4.97,5.06,4.97,4.89,4.92,4.95,4.88,4.95,4.96,4.89,4.86,4.78,4.76,4.83,4.38,4.05,4.01,3.46,3.23,2.75,2.04,1.48,1.55,1.82,2.13,1.93,1.92,1.61,1.20,0.73,0.26,0.30,0.45,0.42,0.35,0.30,0.31,0.27,0.26,0.21,0.16,0.15,0.17,0.15,0.18,0.22,0.24,0.22,0.19,0.20,0.19,0.19,0.18,0.18,0.19,0.18,0.17,0.16,0.12,0.09,0.10,0.08,0.06,0.04,0.05,0.05,0.05,0.07,0.12,0.14,0.14,0.15,0.15,0.15,0.14,0.14,0.15,0.14,0.12,0.11,0.12,0.11,0.09,0.08,0.09,0.07,0.07,0.04,0.08,0.10,0.10,0.07,0.08,0.08,0.05,0.05,0.06,0.06,0.05,0.04,0.05,0.07,0.11,0.08,0.07,0.11,0.09,0.08,0.09,0.12,0.22,0.18,0.11,0.32,0.49,0.43,0.44,0.46,0.37,0.41,0.40,0.39,0.44,0.46,0.47,0.57,0.63,0.61,0.64,0.87,0.93,1.02,1.09,1.11,1.11,1.15,1.23,1.36,1.47,1.59,1.75,1.87,1.93,2.02,2.06,2.11,2.19,2.29,2.40,2.46,2.48,2.45,2.44,2.44,2.39,2.35,2.11,2.03,1.88,1.84,1.62,1.55,1.54,1.52,1.47,0.29,0.17,0.15,0.18,0.14,0.12,0.12,0.11,0.10,0.09,0.09,0.06,0.05,0.04,0.04,0.05,0.05,0.06,0.05,0.06,0.07,0.15,0.33,0.64,0.83,1.23,1.45,2.11,2.76,3.05,3.63,4.18,4.48,4.55,4.67,4.81,4.77,4.79,5.03,5.19,5.27,5.28,5.31,5.33,5.24,5.12,5.02,5.09,5.11,5.15,5.17,5.15,5.01,4.74,4.42
"1-year Treasury bill secondary market rate^  discount basis","Percent:_Per_Year","1","NA",H15/H15/RIFSGFSY01_N.M,RIFSGFSY01_N.M,4.95,4.45,3.68,3.83,4.01,3.10,3.03,2.82,2.86,2.92,2.87,2.64,2.63,2.75,2.76,2.74,2.72,2.80,2.79,2.91,2.88,2.90,2.90,2.97,3.19,3.21,2.98,2.90,2.91,2.89,3.17,3.10,2.99,2.90,2.94,2.94,3.00,3.00,2.97,3.03,3.06,3.11,3.40,3.50,3.57,3.61,3.67,3.69,3.68,3.71,3.78,3.75,3.71,3.70,3.64,3.67,3.73,3.79,3.86,3.96,3.91,4.00,4.02,4.00,3.96,3.89,3.89,3.96,4.09,4.16,4.23,4.56,4.69,4.81,4.81,4.76,4.85,4.78,4.94,5.34,5.80,5.52,5.49,5.00,4.61,4.57,4.19,3.90,3.89,4.16,4.90,5.05,5.10,5.22,5.39,5.59,5.30,5.24,5.42,5.47,5.84,5.68,5.39,5.15,5.18,5.33,5.51,5.97,6.07,6.21,6.20,6.04,6.11,6.88,7.19,7.28,7.35,7.21,7.36,7.61,7.51,7.05,6.50,6.53,7.12,7.07,6.62,6.55,6.39,6.23,5.39,4.84,4.40,3.84,3.60,4.09,4.64,5.33,5.74,5.52,5.19,4.75,4.49,4.39,3.82,4.06,4.43,4.65,4.46,4.71,4.90,4.90,5.44,5.39,5.20,5.28,5.58,5.93,6.53,6.51,6.63,7.05,7.97,8.32,8.07,7.17,7.40,7.01,7.01,6.51,7.34,8.08,8.21,8.16,8.04,8.88,8.52,7.59,7.29,6.79,6.27,5.56,5.70,6.40,5.91,5.86,6.64,7.16,7.20,6.48,6.07,6.16,5.44,5.53,5.82,5.54,5.98,6.12,5.82,5.64,5.50,5.19,5.00,4.64,5.00,5.16,5.19,5.10,5.43,5.41,5.57,5.97,6.13,6.52,6.52,6.52,6.80,6.86,6.82,6.96,7.28,7.53,7.79,7.73,8.01,8.45,9.20,9.44,9.54,9.39,9.38,9.28,9.27,8.81,8.87,9.16,9.89,11.23,11.22,10.92,10.96,12.46,14.03,11.97,8.66,7.54,8.00,9.39,10.48,11.30,12.66,13.23,12.62,12.99,12.28,12.79,14.29,13.22,13.91,14.70,14.53,13.62,11.20,11.57,12.77,13.11,12.47,12.50,11.98,12.57,11.90,10.37,9.92,8.63,8.44,8.23,8.01,8.28,8.36,8.29,8.23,8.87,9.34,9.60,9.27,8.98,9.08,9.24,9.07,9.20,9.67,9.95,10.57,10.93,10.89,10.71,10.51,9.93,9.01,8.60,8.33,8.56,9.06,8.44,7.85,7.27,7.31,7.48,7.50,7.45,7.33,7.16,7.21,7.11,6.59,6.06,6.25,6.32,5.90,5.60,5.45,5.41,5.48,5.55,5.46,5.63,5.68,6.09,6.52,6.35,6.24,6.54,7.11,7.05,6.50,6.69,6.52,6.21,6.28,6.56,6.90,6.99,7.22,7.59,7.53,7.54,7.87,8.32,8.37,8.55,8.82,8.64,8.31,7.84,7.36,7.61,7.65,7.45,7.25,7.21,7.38,7.55,7.76,7.80,7.73,7.53,7.40,7.26,7.24,7.06,6.85,6.61,6.25,5.91,6.00,5.85,5.76,5.96,5.91,5.45,5.26,5.04,4.64,4.17,3.95,4.08,4.40,4.09,3.99,3.98,3.45,3.33,3.06,3.17,3.52,3.55,3.35,3.25,3.20,3.11,3.23,3.39,3.33,3.30,3.22,3.25,3.42,3.45,3.39,3.69,4.11,4.57,5.03,4.98,5.17,5.25,5.43,5.75,6.13,6.67,6.59,6.28,6.03,5.88,5.65,5.33,5.28,5.43,5.31,5.28,5.14,5.03,4.82,4.69,5.06,5.23,5.33,5.48,5.52,5.35,5.50,5.25,5.14,5.18,5.30,5.23,5.47,5.64,5.54,5.38,5.24,5.27,5.23,5.17,5.17,5.24,4.98,5.04,5.11,5.10,5.16,5.13,5.08,4.94,4.50,3.95,4.33,4.32,4.31,4.48,4.53,4.45,4.60,4.82,4.75,4.91,4.96,5.12,5.24,5.51,5.75,5.84,5.86,5.80,5.94,5.83,5.75,5.87,5.79,5.72,5.84,5.33,4.63,4.51,4.11,3.80,3.60,3.37,3.39,3.26,ND,ND,ND,ND,1.67,1.67,ND,ND,ND,ND,ND,ND,ND,ND,ND,ND,ND,ND,ND,ND,ND,ND,ND,ND,ND,ND,ND,ND,ND,ND,ND,ND,ND,ND,ND,ND,ND,ND,ND,ND,ND,ND,ND,ND,ND,ND,ND,ND,ND,ND,ND,ND,ND,ND,ND,ND,ND,ND,ND,ND,ND,ND,ND,ND,ND,ND,ND,ND,ND,ND,ND,ND,ND,ND,ND,ND,ND,ND,ND,ND,ND,2.35,2.20,2.11,1.86,1.38,1.04,0.47,0.42,0.60,0.62,0.52,0.48,0.49,0.46,0.44,0.38,0.35,0.29,0.35,0.32,0.33,0.37,0.42,0.35,0.30,0.28,0.25,0.25,0.22,0.24,0.28,0.26,0.27,0.24,0.23,0.17,0.17,0.18,0.11,0.10,0.11,0.11,0.11,0.11,0.15,0.18,0.18,0.19,0.18,0.18,0.18,0.17,0.17,0.17,0.15,0.14,0.15,0.14,0.12,0.11,0.14,0.12,0.12,0.11,0.11,0.12,0.13,0.11,0.11,0.12,0.10,0.09,0.10,0.10,0.10,0.10,0.10,0.12,0.20,0.18,0.21,0.24,0.22,0.22,0.26,0.28,0.36,0.35,0.25,0.45,0.63,0.52,0.52,0.64,0.54,0.57,0.54,0.50,0.55,0.58,0.64,0.71,0.84,0.80,0.79,0.98,1.01,1.09,1.17,1.19,1.20,1.25,1.36,1.51,1.65,1.75,1.90,2.00,2.08,2.20,2.25,2.31,2.36,2.47,2.56,2.60,2.57,2.50,2.47,2.41,2.34,2.27,1.94,1.91,1.73,1.75,1.57,1.53,1.51,1.49,1.37,0.32,0.18,0.16,0.18,0.15,0.13,0.13,0.13,0.12,0.10,0.10,0.07,0.07,0.06,0.05,0.07,0.07,0.07,0.07,0.10,0.17,0.28,0.53,0.97,1.28,1.81,1.97,2.55,2.91,3.16,3.73,4.23,4.51,4.47,4.49,4.70,4.47,4.48,4.69,4.98,5.10,5.09,5.15,5.15,5.01,4.72,4.57,4.69,4.76,4.89,4.91,4.87,4.68,4.25,3.87
"Market yield on U.S. Treasury securities at 1-month   constant maturity, quoted on investment basis","Percent:_Per_Year","1","NA",H15/H15/RIFLGFCM01_N.M,RIFLGFCM01_N.M,,,,,,,,,,,,,,,,,,,,,,,,,,,,,,,,,,,,,,,,,,,,,,,,,,,,,,,,,,,,,,,,,,,,,,,,,,,,,,,,,,,,,,,,,,,,,,,,,,,,,,,,,,,,,,,,,,,,,,,,,,,,,,,,,,,,,,,,,,,,,,,,,,,,,,,,,,,,,,,,,,,,,,,,,,,,,,,,,,,,,,,,,,,,,,,,,,,,,,,,,,,,,,,,,,,,,,,,,,,,,,,,,,,,,,,,,,,,,,,,,,,,,,,,,,,,,,,,,,,,,,,,,,,,,,,,,,,,,,,,,,,,,,,,,,,,,,,,,,,,,,,,,,,,,,,,,,,,,,,,,,,,,,,,,,,,,,,,,,,,,,,,,,,,,,,,,,,,,,,,,,,,,,,,,,,,,,,,,,,,,,,,,,,,,,,,,,,,,,,,,,,,,,,,,,,,,,,,,,,,,,,,,,,,,,,,,,,,,,,,,,,,,,,,,,,,,,,,,,,,,,,,,,,,,,,,,,,,,,,,,,,,,,,,,,,,,,,,,,,3.67,3.53,2.68,2.27,1.99,1.72,1.68,1.74,1.79,1.72,1.74,1.72,1.72,1.68,1.67,1.62,1.26,1.20,1.17,1.20,1.18,1.16,1.08,0.97,0.90,0.95,0.91,0.91,0.94,0.89,0.85,0.92,0.96,0.91,0.91,1.05,1.19,1.37,1.55,1.63,1.92,1.96,2.05,2.36,2.65,2.64,2.65,2.83,3.10,3.34,3.23,3.51,3.91,3.69,4.12,4.38,4.55,4.61,4.70,4.71,4.90,5.16,4.77,4.97,5.21,4.87,4.94,5.18,5.21,4.99,4.82,4.52,4.82,4.20,3.78,3.81,3.68,2.86,2.74,2.27,1.35,1.07,1.76,1.72,1.60,1.68,0.89,0.29,0.09,0.03,0.05,0.22,0.10,0.10,0.14,0.10,0.15,0.12,0.06,0.04,0.05,0.03,0.02,0.06,0.12,0.15,0.15,0.08,0.16,0.15,0.12,0.14,0.13,0.09,0.14,0.11,0.06,0.03,0.02,0.02,0.04,0.02,0.01,0.01,0.01,0.00,0.02,0.06,0.06,0.07,0.07,0.05,0.07,0.09,0.08,0.11,0.12,0.04,0.05,0.08,0.08,0.05,0.02,0.03,0.02,0.04,0.02,0.11,0.05,0.02,0.02,0.05,0.05,0.02,0.03,0.02,0.02,0.03,0.01,0.02,0.04,0.03,0.02,0.02,0.02,0.02,0.01,0.01,0.03,0.04,0.01,0.01,0.07,0.17,0.23,0.26,0.25,0.19,0.23,0.22,0.26,0.26,0.19,0.24,0.30,0.42,0.50,0.48,0.66,0.75,0.73,0.84,0.97,0.98,0.99,1.00,1.09,1.20,1.30,1.38,1.64,1.66,1.71,1.81,1.89,1.94,2.04,2.17,2.24,2.37,2.40,2.43,2.45,2.43,2.40,2.22,2.15,2.07,1.99,1.73,1.58,1.55,1.53,1.58,0.37,0.11,0.10,0.13,0.11,0.08,0.09,0.09,0.09,0.08,0.08,0.04,0.02,0.02,0.01,0.03,0.05,0.04,0.05,0.06,0.07,0.04,0.05,0.04,0.18,0.31,0.58,1.06,1.85,2.28,2.61,3.32,3.87,3.90,4.52,4.64,4.49,4.17,5.49,5.20,5.39,5.54,5.53,5.57,5.53,5.54,5.54,5.49,5.51,5.48,5.50,5.46,5.48,5.50,5.06
"Market yield on U.S. Treasury securities at 3-month   constant maturity, quoted on investment basis","Percent:_Per_Year","1","NA",H15/H15/RIFLGFCM03_N.M,RIFLGFCM03_N.M,,,,,,,,,,,,,,,,,,,,,,,,,,,,,,,,,,,,,,,,,,,,,,,,,,,,,,,,,,,,,,,,,,,,,,,,,,,,,,,,,,,,,,,,,,,,,,,,,,,,,,,,,,,,,,,,,,,,,,,,,,,,,,,,,,,,,,,,,,,,,,,,,,,,,,,,,,,,,,,,,,,,,,,,,,,,,,,,,,,,,,,,,,,,,,,,,,,,,,,,,,,,,,,,,,,,,,,,,,,,,,,,,,,,,,,,,,,,,,,,,,,,,,,,,,,,,,,,,,,,,15.61,14.23,11.35,11.32,12.92,14.28,13.31,13.34,12.71,13.08,11.86,9.00,8.19,7.97,8.35,8.20,8.12,8.39,8.66,8.51,8.50,9.14,9.45,9.74,9.36,8.99,9.11,9.36,9.26,9.46,9.89,10.07,10.22,10.26,10.53,10.90,10.80,10.12,8.92,8.34,8.02,8.56,8.83,8.22,7.73,7.18,7.32,7.37,7.33,7.40,7.48,7.33,7.30,7.29,6.76,6.24,6.33,6.40,6.00,5.69,5.35,5.32,5.50,5.68,5.58,5.75,5.77,5.82,5.85,5.85,5.88,6.23,6.62,6.35,5.89,5.96,6.00,5.84,5.87,6.08,6.45,6.66,6.95,7.30,7.48,7.60,8.03,8.35,8.56,8.84,9.14,8.96,8.74,8.43,8.15,8.17,8.01,7.90,7.94,7.88,7.90,8.00,8.17,8.04,8.01,7.99,7.87,7.69,7.60,7.40,7.29,6.95,6.41,6.12,6.09,5.83,5.63,5.75,5.75,5.50,5.37,5.14,4.69,4.18,3.91,3.95,4.14,3.84,3.72,3.75,3.28,3.20,2.97,2.93,3.21,3.29,3.07,2.99,3.01,2.93,3.03,3.14,3.11,3.09,3.01,3.09,3.18,3.13,3.04,3.33,3.59,3.78,4.27,4.25,4.46,4.61,4.75,5.10,5.45,5.76,5.90,5.94,5.91,5.84,5.85,5.64,5.59,5.57,5.43,5.44,5.52,5.29,5.15,4.96,5.10,5.09,5.15,5.23,5.30,5.19,5.24,5.12,5.17,5.04,5.17,5.14,5.28,5.30,5.20,5.07,5.19,5.28,5.08,5.11,5.28,5.30,5.18,5.23,5.16,5.08,5.14,5.12,5.09,5.04,4.74,4.07,4.53,4.50,4.45,4.56,4.57,4.41,4.63,4.72,4.69,4.87,4.82,5.02,5.23,5.36,5.50,5.73,5.86,5.82,5.99,5.86,6.14,6.28,6.18,6.29,6.36,5.94,5.29,5.01,4.54,3.97,3.70,3.57,3.59,3.44,2.69,2.20,1.91,1.72,1.68,1.76,1.83,1.75,1.76,1.73,1.71,1.65,1.66,1.61,1.25,1.21,1.19,1.19,1.15,1.15,1.09,0.94,0.92,0.97,0.96,0.94,0.95,0.91,0.90,0.94,0.95,0.96,1.04,1.29,1.36,1.50,1.68,1.79,2.11,2.22,2.37,2.58,2.80,2.84,2.90,3.04,3.29,3.52,3.49,3.79,3.97,3.97,4.34,4.54,4.63,4.72,4.84,4.92,5.08,5.09,4.93,5.05,5.07,4.97,5.11,5.16,5.08,5.01,4.87,4.74,4.96,4.32,3.99,4.00,3.35,3.07,2.82,2.17,1.28,1.31,1.76,1.89,1.66,1.75,1.15,0.69,0.19,0.03,0.13,0.30,0.22,0.16,0.18,0.18,0.18,0.17,0.12,0.07,0.05,0.05,0.06,0.11,0.15,0.16,0.16,0.12,0.16,0.16,0.15,0.13,0.14,0.14,0.15,0.13,0.10,0.06,0.04,0.04,0.04,0.02,0.01,0.02,0.01,0.01,0.03,0.09,0.08,0.08,0.09,0.09,0.10,0.10,0.11,0.10,0.09,0.07,0.07,0.10,0.09,0.06,0.04,0.05,0.04,0.04,0.02,0.05,0.07,0.07,0.04,0.05,0.05,0.03,0.03,0.04,0.03,0.03,0.02,0.02,0.02,0.03,0.03,0.02,0.03,0.02,0.02,0.02,0.03,0.07,0.02,0.02,0.13,0.23,0.26,0.31,0.30,0.23,0.28,0.27,0.30,0.30,0.29,0.33,0.45,0.51,0.52,0.53,0.75,0.81,0.90,1.00,1.09,1.03,1.05,1.09,1.25,1.34,1.43,1.59,1.73,1.79,1.90,1.94,1.99,2.07,2.17,2.29,2.37,2.41,2.42,2.44,2.45,2.43,2.40,2.22,2.15,1.99,1.93,1.68,1.57,1.57,1.55,1.54,0.30,0.14,0.13,0.16,0.13,0.10,0.11,0.10,0.09,0.09,0.08,0.04,0.03,0.02,0.02,0.04,0.05,0.05,0.04,0.05,0.05,0.06,0.15,0.31,0.45,0.76,0.99,1.54,2.30,2.72,3.22,3.87,4.32,4.36,4.69,4.79,4.86,5.07,5.31,5.42,5.49,5.56,5.56,5.60,5.52,5.44,5.45,5.44,5.47,5.44,5.46,5.51,5.43,5.30,4.92
"Market yield on U.S. Treasury securities at 6-month   constant maturity, quoted on investment basis","Percent:_Per_Year","1","NA",H15/H15/RIFLGFCM06_N.M,RIFLGFCM06_N.M,,,,,,,,,,,,,,,,,,,,,,,,,,,,,,,,,,,,,,,,,,,,,,,,,,,,,,,,,,,,,,,,,,,,,,,,,,,,,,,,,,,,,,,,,,,,,,,,,,,,,,,,,,,,,,,,,,,,,,,,,,,,,,,,,,,,,,,,,,,,,,,,,,,,,,,,,,,,,,,,,,,,,,,,,,,,,,,,,,,,,,,,,,,,,,,,,,,,,,,,,,,,,,,,,,,,,,,,,,,,,,,,,,,,,,,,,,,,,,,,,,,,,,,,,,,,,,,,,,,,,16.36,15.06,12.12,12.44,13.90,14.81,13.83,13.87,13.13,13.76,12.80,10.51,9.83,8.63,8.80,8.59,8.33,8.65,8.86,8.78,8.70,9.44,9.85,10.16,9.73,9.39,9.48,9.76,9.56,9.77,10.27,10.47,11.02,11.24,11.27,11.37,11.19,10.52,9.34,8.76,8.45,8.87,9.45,8.71,8.07,7.46,7.57,7.71,7.64,7.71,7.68,7.50,7.53,7.47,6.89,6.36,6.47,6.56,6.12,5.79,5.57,5.48,5.64,5.78,5.67,5.83,5.86,6.19,6.35,6.28,6.05,6.46,6.99,7.04,6.50,6.68,6.56,6.21,6.18,6.50,6.89,7.04,7.35,7.79,7.82,7.90,8.30,8.70,8.85,9.05,9.39,9.17,8.91,8.38,8.01,8.17,8.16,8.03,7.89,7.81,7.96,8.12,8.28,8.27,8.19,8.05,7.92,7.77,7.70,7.53,7.39,7.03,6.58,6.19,6.20,5.98,5.87,6.02,5.97,5.63,5.48,5.26,4.80,4.26,4.01,4.08,4.33,4.00,3.88,3.90,3.38,3.31,3.04,3.13,3.44,3.47,3.24,3.16,3.15,3.06,3.17,3.29,3.26,3.24,3.15,3.22,3.36,3.34,3.25,3.53,3.91,4.25,4.79,4.72,4.95,5.08,5.24,5.62,5.98,6.50,6.51,6.31,6.17,6.05,5.93,5.66,5.62,5.65,5.54,5.56,5.51,5.35,5.13,4.97,5.16,5.27,5.33,5.46,5.52,5.34,5.45,5.32,5.27,5.24,5.31,5.27,5.48,5.60,5.53,5.34,5.33,5.40,5.30,5.30,5.38,5.45,5.23,5.27,5.25,5.26,5.36,5.32,5.23,5.15,4.81,4.20,4.59,4.57,4.49,4.61,4.65,4.54,4.75,5.03,4.75,5.09,5.08,5.20,5.43,5.68,5.76,6.00,6.11,6.07,6.39,6.24,6.27,6.35,6.25,6.32,6.34,5.92,5.15,4.89,4.44,3.99,3.74,3.56,3.56,3.39,2.71,2.17,1.92,1.82,1.77,1.86,2.06,1.98,1.91,1.83,1.74,1.64,1.64,1.59,1.30,1.27,1.22,1.20,1.16,1.17,1.11,0.94,0.97,1.05,1.03,1.02,1.04,1.01,0.99,1.01,1.01,1.11,1.33,1.64,1.70,1.76,1.91,2.05,2.32,2.50,2.68,2.85,3.09,3.14,3.17,3.22,3.53,3.78,3.79,4.13,4.30,4.33,4.47,4.69,4.79,4.90,5.01,5.17,5.27,5.17,5.08,5.12,5.15,5.07,5.15,5.16,5.10,5.07,4.98,4.95,5.04,4.55,4.20,4.16,3.58,3.34,2.84,2.10,1.51,1.58,1.86,2.19,1.98,1.97,1.64,1.23,0.74,0.26,0.30,0.46,0.43,0.35,0.30,0.31,0.28,0.27,0.21,0.16,0.15,0.17,0.15,0.18,0.23,0.24,0.22,0.19,0.20,0.19,0.19,0.18,0.18,0.19,0.18,0.17,0.16,0.12,0.09,0.10,0.08,0.06,0.04,0.05,0.05,0.05,0.07,0.12,0.14,0.14,0.15,0.15,0.15,0.14,0.14,0.15,0.14,0.12,0.11,0.12,0.11,0.09,0.08,0.09,0.07,0.07,0.04,0.08,0.10,0.10,0.07,0.08,0.08,0.05,0.05,0.06,0.06,0.05,0.04,0.05,0.07,0.11,0.08,0.07,0.11,0.09,0.08,0.09,0.12,0.22,0.18,0.11,0.33,0.50,0.43,0.45,0.47,0.37,0.42,0.40,0.40,0.45,0.47,0.48,0.58,0.64,0.62,0.65,0.89,0.95,1.04,1.11,1.13,1.13,1.17,1.25,1.39,1.50,1.62,1.79,1.92,1.98,2.07,2.11,2.17,2.24,2.34,2.46,2.52,2.54,2.51,2.50,2.51,2.46,2.42,2.17,2.08,1.93,1.89,1.67,1.59,1.58,1.56,1.51,0.30,0.17,0.15,0.18,0.14,0.12,0.12,0.11,0.10,0.09,0.09,0.06,0.05,0.04,0.04,0.05,0.05,0.06,0.05,0.06,0.07,0.15,0.33,0.64,0.86,1.26,1.49,2.17,2.87,3.15,3.71,4.31,4.61,4.71,4.80,4.97,4.99,4.99,5.27,5.42,5.53,5.54,5.51,5.57,5.44,5.34,5.21,5.28,5.36,5.38,5.42,5.37,5.25,4.96,4.55
"Market yield on U.S. Treasury securities at 1-year   constant maturity, quoted on investment basis","Percent:_Per_Year","1","NA",H15/H15/RIFLGFCY01_N.M,RIFLGFCY01_N.M,5.03,4.66,4.02,4.04,4.21,3.36,3.20,2.95,3.07,3.04,3.08,2.86,2.81,2.93,2.88,2.88,2.87,3.06,2.92,3.06,3.06,3.05,3.07,3.18,3.28,3.28,3.06,2.99,3.03,3.03,3.29,3.20,3.06,2.98,3.00,3.01,3.04,3.01,3.03,3.11,3.12,3.20,3.48,3.53,3.57,3.64,3.74,3.81,3.79,3.78,3.91,3.91,3.84,3.83,3.72,3.74,3.84,3.86,3.91,4.02,3.94,4.03,4.06,4.04,4.03,3.99,3.98,4.07,4.20,4.30,4.37,4.72,4.88,4.94,4.97,4.90,4.93,4.97,5.17,5.54,5.82,5.58,5.54,5.20,4.75,4.71,4.35,4.11,4.15,4.48,5.01,5.13,5.24,5.37,5.61,5.71,5.43,5.41,5.58,5.71,6.14,5.98,5.65,5.43,5.45,5.57,5.75,6.19,6.34,6.41,6.34,6.26,6.42,7.04,7.60,7.54,7.82,7.64,7.89,8.17,8.10,7.59,6.97,7.06,7.75,7.55,7.10,6.98,6.73,6.43,5.51,5.00,4.57,3.89,3.69,4.30,5.04,5.64,6.04,5.80,5.41,4.91,4.67,4.60,4.28,4.27,4.67,4.96,4.64,4.93,4.96,4.98,5.52,5.52,5.27,5.52,5.89,6.19,6.85,6.85,6.89,7.31,8.39,8.82,8.31,7.40,7.57,7.27,7.42,6.88,7.76,8.62,8.78,8.67,8.80,9.36,8.87,8.05,7.66,7.31,6.83,5.98,6.11,6.90,6.39,6.29,7.11,7.70,7.75,6.95,6.49,6.60,5.81,5.91,6.21,5.92,6.40,6.52,6.20,6.00,5.84,5.50,5.29,4.89,5.29,5.47,5.50,5.44,5.84,5.80,5.94,6.37,6.53,6.97,6.95,6.96,7.28,7.34,7.31,7.45,7.82,8.09,8.39,8.31,8.64,9.14,10.01,10.30,10.41,10.24,10.25,10.12,10.12,9.57,9.64,9.98,10.84,12.44,12.39,11.98,12.06,13.92,15.82,13.30,9.39,8.16,8.65,10.24,11.52,12.49,14.15,14.88,14.08,14.57,13.71,14.32,16.20,14.86,15.72,16.72,16.52,15.38,12.41,12.85,14.32,14.73,13.95,13.98,13.34,14.07,13.24,11.43,10.85,9.32,9.16,8.91,8.62,8.92,9.04,8.98,8.90,9.66,10.20,10.53,10.16,9.81,9.94,10.11,9.90,10.04,10.59,10.90,11.66,12.08,12.03,11.82,11.58,10.90,9.82,9.33,9.02,9.29,9.86,9.14,8.46,7.80,7.86,8.05,8.07,8.01,7.88,7.67,7.73,7.61,7.03,6.44,6.65,6.73,6.27,5.93,5.77,5.72,5.80,5.87,5.78,5.96,6.03,6.50,7.00,6.80,6.68,7.03,7.67,7.59,6.96,7.17,6.99,6.64,6.71,7.01,7.40,7.49,7.75,8.17,8.09,8.11,8.48,8.99,9.05,9.25,9.57,9.36,8.98,8.44,7.89,8.18,8.22,7.99,7.77,7.72,7.92,8.11,8.35,8.40,8.32,8.10,7.94,7.78,7.76,7.55,7.31,7.05,6.64,6.27,6.40,6.24,6.13,6.36,6.31,5.78,5.57,5.33,4.89,4.38,4.15,4.29,4.63,4.30,4.19,4.17,3.60,3.47,3.18,3.30,3.68,3.71,3.50,3.39,3.33,3.24,3.36,3.54,3.47,3.44,3.36,3.39,3.58,3.61,3.54,3.87,4.32,4.82,5.31,5.27,5.48,5.56,5.76,6.11,6.54,7.14,7.05,6.70,6.43,6.27,6.00,5.64,5.59,5.75,5.62,5.59,5.43,5.31,5.09,4.94,5.34,5.54,5.64,5.81,5.85,5.67,5.83,5.55,5.42,5.47,5.61,5.53,5.80,5.99,5.87,5.69,5.54,5.56,5.52,5.46,5.46,5.53,5.24,5.31,5.39,5.38,5.44,5.41,5.36,5.21,4.71,4.12,4.53,4.52,4.51,4.70,4.78,4.69,4.85,5.10,5.03,5.20,5.25,5.43,5.55,5.84,6.12,6.22,6.22,6.15,6.33,6.17,6.08,6.18,6.13,6.01,6.09,5.60,4.81,4.68,4.30,3.98,3.78,3.58,3.62,3.47,2.82,2.33,2.18,2.22,2.16,2.23,2.57,2.48,2.35,2.20,1.96,1.76,1.72,1.65,1.49,1.45,1.36,1.30,1.24,1.27,1.18,1.01,1.12,1.31,1.24,1.25,1.34,1.31,1.24,1.24,1.19,1.43,1.78,2.12,2.10,2.02,2.12,2.23,2.50,2.67,2.86,3.03,3.30,3.32,3.33,3.36,3.64,3.87,3.85,4.18,4.33,4.35,4.45,4.68,4.77,4.90,5.00,5.16,5.22,5.08,4.97,5.01,5.01,4.94,5.06,5.05,4.92,4.93,4.91,4.96,4.96,4.47,4.14,4.10,3.50,3.26,2.71,2.05,1.54,1.74,2.06,2.42,2.28,2.18,1.91,1.42,1.07,0.49,0.44,0.62,0.64,0.55,0.50,0.51,0.48,0.46,0.40,0.37,0.31,0.37,0.35,0.35,0.40,0.45,0.37,0.32,0.29,0.26,0.26,0.23,0.25,0.29,0.27,0.29,0.26,0.25,0.19,0.18,0.19,0.11,0.10,0.11,0.11,0.12,0.12,0.16,0.19,0.18,0.19,0.19,0.19,0.18,0.18,0.18,0.18,0.16,0.15,0.16,0.15,0.12,0.12,0.14,0.12,0.13,0.12,0.12,0.12,0.13,0.12,0.12,0.13,0.11,0.10,0.10,0.11,0.11,0.11,0.10,0.13,0.21,0.20,0.22,0.25,0.23,0.24,0.28,0.30,0.38,0.37,0.26,0.48,0.65,0.54,0.53,0.66,0.56,0.59,0.55,0.51,0.57,0.59,0.66,0.74,0.87,0.83,0.82,1.01,1.04,1.12,1.20,1.22,1.23,1.28,1.40,1.56,1.70,1.80,1.96,2.06,2.15,2.27,2.33,2.39,2.45,2.56,2.65,2.70,2.66,2.58,2.55,2.49,2.42,2.34,2.00,1.96,1.77,1.80,1.61,1.57,1.55,1.53,1.41,0.33,0.18,0.16,0.18,0.15,0.13,0.13,0.13,0.12,0.10,0.10,0.07,0.08,0.06,0.05,0.07,0.08,0.07,0.08,0.11,0.18,0.30,0.55,1.00,1.34,1.89,2.06,2.65,3.02,3.28,3.89,4.43,4.73,4.68,4.69,4.93,4.68,4.68,4.91,5.24,5.37,5.37,5.44,5.42,5.28,4.96,4.79,4.92,4.99,5.14,5.16,5.11,4.90,4.43,4.03
"Market yield on U.S. Treasury securities at 2-year   constant maturity, quoted on investment basis","Percent:_Per_Year","1","NA",H15/H15/RIFLGFCY02_N.M,RIFLGFCY02_N.M,,,,,,,,,,,,,,,,,,,,,,,,,,,,,,,,,,,,,,,,,,,,,,,,,,,,,,,,,,,,,,,,,,,,,,,,,,,,,,,,,,,,,,,,,,,,,,,,,,,,,,,,,,,,,,,,,,,,,,,,,,,,,,,,,,,,,,,,,,,,,,,,,,,,,,,,,,,,,,,,,,,,,,,,,,,,,,,,,,,,,,,,,,,,,,,,,,,,,,7.06,6.85,6.63,6.42,5.98,5.81,5.38,5.90,6.09,6.09,5.96,6.25,6.13,6.27,6.61,6.71,7.11,7.14,7.18,7.49,7.57,7.58,7.74,8.01,8.24,8.49,8.37,8.57,8.85,9.42,9.72,9.86,9.72,9.79,9.78,9.78,9.22,9.14,9.46,10.06,11.49,11.81,11.39,11.50,13.42,14.88,12.50,9.45,8.73,9.03,10.53,11.57,12.09,13.51,14.08,13.26,13.92,13.57,14.15,15.46,14.51,15.35,16.28,16.46,15.54,12.88,13.29,14.57,14.82,14.19,14.20,13.78,14.47,13.80,12.32,11.78,10.19,9.80,9.66,9.33,9.64,9.66,9.57,9.49,10.18,10.69,11.07,10.79,10.57,10.66,10.84,10.64,10.79,11.31,11.69,12.47,12.91,12.88,12.43,12.20,11.60,10.65,10.18,9.93,10.17,10.71,10.09,9.39,8.69,8.77,8.94,8.98,8.86,8.58,8.15,8.14,7.97,7.21,6.70,7.07,7.18,6.67,6.33,6.35,6.28,6.28,6.27,6.23,6.40,6.42,7.02,7.76,7.57,7.44,7.75,8.34,8.40,7.69,7.86,7.63,7.18,7.27,7.59,8.00,8.03,8.28,8.63,8.46,8.35,8.67,9.09,9.18,9.37,9.68,9.45,9.02,8.41,7.82,8.14,8.28,7.98,7.80,7.78,8.09,8.37,8.63,8.72,8.64,8.35,8.16,8.06,8.08,7.88,7.60,7.31,7.13,6.87,7.10,6.95,6.78,6.96,6.92,6.43,6.18,5.91,5.56,5.03,4.96,5.21,5.69,5.34,5.23,5.05,4.36,4.19,3.89,4.08,4.58,4.67,4.39,4.10,3.95,3.84,3.98,4.16,4.07,4.00,3.85,3.87,4.16,4.21,4.14,4.47,5.00,5.55,5.97,5.93,6.13,6.18,6.39,6.73,7.15,7.59,7.51,7.11,6.78,6.57,6.17,5.72,5.78,5.98,5.81,5.70,5.48,5.32,5.11,5.03,5.66,5.96,6.10,6.30,6.27,6.03,6.23,5.91,5.70,5.78,6.01,5.90,6.22,6.45,6.28,6.09,5.89,5.94,5.88,5.77,5.71,5.72,5.36,5.42,5.56,5.56,5.59,5.52,5.46,5.27,4.67,4.09,4.54,4.51,4.62,4.88,5.05,4.98,5.25,5.62,5.55,5.68,5.66,5.86,5.86,6.10,6.44,6.61,6.53,6.40,6.81,6.48,6.34,6.23,6.08,5.91,5.88,5.35,4.76,4.66,4.34,4.23,4.26,4.08,4.04,3.76,3.12,2.73,2.78,3.11,3.03,3.02,3.56,3.42,3.26,2.99,2.56,2.13,2.00,1.91,1.92,1.84,1.74,1.63,1.57,1.62,1.42,1.23,1.47,1.86,1.71,1.75,1.93,1.91,1.76,1.74,1.58,2.07,2.53,2.76,2.64,2.51,2.53,2.58,2.85,3.01,3.22,3.38,3.73,3.65,3.64,3.64,3.87,4.04,3.95,4.27,4.42,4.40,4.40,4.67,4.73,4.89,4.97,5.12,5.12,4.90,4.77,4.80,4.74,4.67,4.88,4.85,4.57,4.67,4.77,4.98,4.82,4.31,4.01,3.97,3.34,3.12,2.48,1.97,1.62,2.05,2.45,2.77,2.57,2.42,2.08,1.61,1.21,0.82,0.81,0.98,0.93,0.93,0.93,1.18,1.02,1.12,0.96,0.95,0.80,0.87,0.93,0.86,0.96,1.06,0.83,0.72,0.62,0.52,0.48,0.38,0.45,0.62,0.61,0.77,0.70,0.73,0.56,0.41,0.41,0.23,0.21,0.28,0.25,0.26,0.24,0.28,0.34,0.29,0.29,0.29,0.25,0.27,0.26,0.28,0.27,0.26,0.27,0.27,0.26,0.23,0.25,0.33,0.34,0.36,0.40,0.34,0.30,0.34,0.39,0.33,0.40,0.42,0.39,0.45,0.51,0.47,0.57,0.45,0.53,0.64,0.55,0.62,0.64,0.54,0.61,0.69,0.67,0.70,0.71,0.64,0.88,0.98,0.90,0.73,0.88,0.77,0.82,0.73,0.67,0.74,0.77,0.84,0.98,1.20,1.21,1.20,1.31,1.24,1.30,1.34,1.37,1.34,1.38,1.55,1.70,1.84,2.03,2.18,2.28,2.38,2.51,2.53,2.61,2.64,2.77,2.86,2.86,2.68,2.54,2.50,2.41,2.34,2.21,1.81,1.84,1.57,1.65,1.55,1.61,1.61,1.52,1.33,0.45,0.22,0.17,0.19,0.15,0.14,0.13,0.15,0.17,0.14,0.13,0.12,0.15,0.16,0.16,0.20,0.22,0.22,0.24,0.39,0.51,0.68,0.98,1.44,1.91,2.54,2.62,3.00,3.04,3.25,3.86,4.38,4.50,4.29,4.21,4.53,4.30,4.02,4.13,4.64,4.83,4.90,5.02,5.07,4.88,4.46,4.32,4.54,4.59,4.87,4.86,4.74,4.50,3.97,3.62
"Market yield on U.S. Treasury securities at 3-year   constant maturity, quoted on investment basis","Percent:_Per_Year","1","NA",H15/H15/RIFLGFCY03_N.M,RIFLGFCY03_N.M,4.99,4.73,4.29,4.27,4.46,4.01,3.63,3.41,3.43,3.53,3.60,3.42,3.39,3.46,3.35,3.33,3.23,3.63,3.59,3.76,3.73,3.62,3.61,3.72,3.76,3.69,3.45,3.38,3.40,3.39,3.62,3.46,3.41,3.33,3.40,3.37,3.40,3.39,3.41,3.50,3.54,3.61,3.76,3.77,3.82,3.87,3.95,4.01,4.04,4.00,4.12,4.15,4.04,4.01,3.93,3.93,4.01,4.02,4.04,4.08,4.03,4.08,4.13,4.12,4.11,4.08,4.09,4.16,4.24,4.33,4.45,4.79,4.90,5.02,4.97,4.89,5.00,5.05,5.26,5.68,5.79,5.48,5.53,5.19,4.75,4.73,4.47,4.38,4.61,4.89,5.06,5.23,5.41,5.52,5.71,5.71,5.53,5.61,5.80,5.75,6.11,5.82,5.54,5.42,5.39,5.52,5.57,6.16,6.22,6.32,6.38,6.25,6.51,6.83,7.31,7.29,7.77,7.57,7.65,8.10,8.24,7.79,7.15,7.39,7.94,7.84,7.56,7.46,7.11,6.96,6.25,5.75,5.61,5.07,4.50,5.22,5.97,6.32,6.74,6.35,5.89,5.56,5.35,5.27,5.14,5.25,5.56,5.88,5.55,5.64,5.78,5.79,6.06,6.05,5.94,6.01,6.27,6.58,6.86,6.78,6.83,6.84,7.54,7.89,7.25,6.81,7.00,6.81,6.96,6.76,7.35,8.05,8.27,8.15,8.41,8.66,8.41,8.00,7.61,7.24,7.23,6.65,6.81,7.76,7.39,7.17,7.72,8.16,8.29,7.81,7.46,7.43,6.99,7.06,7.13,6.84,7.27,7.31,7.12,6.86,6.66,6.24,6.09,5.68,6.22,6.44,6.47,6.31,6.55,6.39,6.51,6.79,6.84,7.19,7.22,7.30,7.61,7.67,7.70,7.85,8.07,8.30,8.54,8.33,8.41,8.62,9.04,9.33,9.50,9.29,9.38,9.43,9.42,8.95,8.94,9.14,9.69,10.95,11.18,10.71,10.88,12.84,14.05,12.02,9.44,8.91,9.27,10.63,11.57,12.01,13.31,13.65,13.01,13.65,13.51,14.09,15.08,14.29,15.15,16.00,16.22,15.50,13.11,13.66,14.64,14.73,14.13,14.18,13.77,14.48,14.00,12.62,12.03,10.62,9.98,9.88,9.64,9.91,9.84,9.76,9.66,10.32,10.90,11.30,11.07,10.87,10.96,11.13,10.93,11.05,11.59,11.98,12.75,13.18,13.08,12.50,12.34,11.85,10.90,10.56,10.43,10.55,11.05,10.49,9.75,9.05,9.18,9.31,9.37,9.25,8.88,8.40,8.41,8.10,7.30,6.86,7.27,7.41,6.86,6.49,6.62,6.56,6.46,6.43,6.41,6.56,6.58,7.32,8.02,7.82,7.74,8.03,8.67,8.75,7.99,8.13,7.87,7.38,7.50,7.83,8.24,8.22,8.44,8.77,8.57,8.43,8.72,9.11,9.20,9.32,9.61,9.40,8.98,8.37,7.83,8.13,8.26,8.02,7.80,7.77,8.13,8.39,8.63,8.78,8.69,8.40,8.26,8.22,8.27,8.07,7.74,7.47,7.38,7.08,7.35,7.23,7.12,7.39,7.38,6.80,6.50,6.23,5.90,5.39,5.40,5.72,6.18,5.93,5.81,5.60,4.91,4.72,4.42,4.64,5.14,5.21,4.93,4.58,4.40,4.30,4.40,4.53,4.43,4.36,4.17,4.18,4.50,4.54,4.48,4.83,5.40,5.99,6.34,6.27,6.48,6.50,6.69,7.04,7.44,7.71,7.66,7.25,6.89,6.68,6.27,5.80,5.89,6.10,5.89,5.77,5.57,5.39,5.20,5.14,5.79,6.11,6.27,6.49,6.45,6.21,6.41,6.08,5.82,5.91,6.16,6.03,6.38,6.61,6.42,6.24,6.00,6.06,5.98,5.84,5.76,5.74,5.38,5.43,5.57,5.58,5.61,5.52,5.47,5.24,4.62,4.18,4.57,4.48,4.61,4.90,5.11,5.03,5.33,5.70,5.62,5.77,5.75,5.94,5.92,6.14,6.49,6.65,6.53,6.36,6.77,6.43,6.28,6.17,6.02,5.85,5.79,5.26,4.77,4.71,4.43,4.42,4.51,4.35,4.31,4.04,3.45,3.14,3.22,3.62,3.56,3.55,4.14,4.01,3.80,3.49,3.01,2.52,2.32,2.25,2.32,2.23,2.18,2.05,1.98,2.06,1.75,1.51,1.93,2.44,2.23,2.26,2.45,2.44,2.27,2.25,2.00,2.57,3.10,3.26,3.05,2.88,2.83,2.85,3.09,3.21,3.39,3.54,3.91,3.79,3.72,3.69,3.91,4.08,3.96,4.29,4.43,4.39,4.35,4.64,4.74,4.89,4.97,5.09,5.07,4.85,4.69,4.72,4.64,4.58,4.79,4.75,4.51,4.60,4.69,5.00,4.82,4.34,4.06,4.01,3.35,3.13,2.51,2.19,1.80,2.23,2.69,3.08,2.87,2.70,2.32,1.86,1.51,1.07,1.13,1.37,1.31,1.32,1.39,1.76,1.55,1.65,1.48,1.46,1.32,1.38,1.49,1.40,1.51,1.64,1.32,1.17,0.98,0.78,0.74,0.57,0.67,0.99,1.03,1.28,1.17,1.21,0.94,0.71,0.68,0.38,0.35,0.47,0.39,0.39,0.36,0.38,0.51,0.43,0.39,0.39,0.33,0.37,0.34,0.37,0.36,0.35,0.39,0.40,0.39,0.34,0.40,0.58,0.64,0.70,0.78,0.63,0.58,0.69,0.78,0.69,0.82,0.88,0.83,0.90,0.97,0.93,1.05,0.88,0.96,1.06,0.90,0.99,1.02,0.87,0.98,1.07,1.03,1.03,1.01,0.93,1.20,1.28,1.14,0.90,1.04,0.92,0.97,0.86,0.79,0.85,0.90,0.99,1.22,1.49,1.48,1.47,1.59,1.44,1.48,1.49,1.54,1.48,1.51,1.68,1.81,1.96,2.15,2.36,2.42,2.52,2.66,2.65,2.70,2.71,2.84,2.94,2.91,2.67,2.52,2.48,2.37,2.31,2.16,1.78,1.80,1.51,1.59,1.53,1.61,1.63,1.52,1.31,0.50,0.28,0.22,0.22,0.17,0.16,0.16,0.19,0.22,0.19,0.20,0.21,0.32,0.35,0.32,0.39,0.40,0.42,0.47,0.67,0.82,0.95,1.25,1.65,2.09,2.72,2.79,3.15,3.03,3.23,3.88,4.38,4.34,4.05,3.91,4.23,4.09,3.76,3.82,4.27,4.47,4.59,4.74,4.89,4.64,4.19,4.11,4.33,4.38,4.71,4.66,4.50,4.29,3.79,3.51
"Market yield on U.S. Treasury securities at 5-year   constant maturity, quoted on investment basis","Percent:_Per_Year","1","NA",H15/H15/RIFLGFCY05_N.M,RIFLGFCY05_N.M,4.92,4.69,4.31,4.29,4.49,4.12,3.79,3.62,3.61,3.76,3.81,3.67,3.67,3.66,3.60,3.57,3.47,3.81,3.84,3.96,3.90,3.80,3.82,3.91,3.94,3.89,3.68,3.60,3.66,3.64,3.80,3.71,3.70,3.64,3.60,3.56,3.58,3.66,3.68,3.74,3.72,3.81,3.89,3.89,3.96,3.97,4.01,4.04,4.07,4.03,4.14,4.15,4.05,4.02,4.03,4.05,4.08,4.07,4.04,4.09,4.10,4.15,4.15,4.15,4.15,4.15,4.15,4.20,4.25,4.34,4.46,4.72,4.86,4.98,4.92,4.83,4.89,4.97,5.17,5.50,5.50,5.27,5.36,5.00,4.70,4.74,4.54,4.51,4.75,5.01,5.23,5.31,5.40,5.57,5.78,5.75,5.54,5.59,5.76,5.69,6.04,5.85,5.60,5.50,5.48,5.55,5.66,6.12,6.25,6.34,6.41,6.30,6.54,6.75,7.01,7.03,7.57,7.51,7.53,7.96,8.17,7.82,7.21,7.50,7.97,7.85,7.59,7.57,7.29,7.12,6.47,5.95,5.89,5.56,5.00,5.65,6.28,6.53,6.85,6.55,6.14,5.93,5.78,5.69,5.59,5.69,5.87,6.17,5.85,5.91,5.97,6.02,6.25,6.18,6.12,6.16,6.34,6.60,6.80,6.67,6.80,6.69,7.33,7.63,7.05,6.77,6.92,6.80,6.95,6.82,7.31,7.92,8.18,8.10,8.38,8.63,8.37,7.97,7.68,7.31,7.41,7.11,7.30,7.99,7.72,7.51,7.92,8.33,8.37,7.97,7.80,7.76,7.46,7.45,7.49,7.25,7.59,7.61,7.49,7.31,7.13,6.75,6.52,6.10,6.58,6.83,6.93,6.79,6.94,6.76,6.84,7.03,7.04,7.32,7.34,7.48,7.77,7.83,7.86,7.98,8.18,8.36,8.54,8.33,8.43,8.61,8.84,9.08,9.20,9.13,9.20,9.25,9.24,8.85,8.90,9.06,9.41,10.63,10.93,10.42,10.74,12.60,13.47,11.84,9.95,9.21,9.53,10.84,11.62,11.86,12.83,13.25,12.77,13.41,13.41,13.99,14.63,13.95,14.79,15.56,15.93,15.41,13.38,13.60,14.65,14.54,13.98,14.00,13.75,14.43,14.07,13.00,12.25,10.80,10.38,10.22,10.03,10.26,10.08,10.02,10.03,10.63,11.21,11.63,11.43,11.28,11.41,11.54,11.37,11.54,12.02,12.37,13.17,13.48,13.27,12.68,12.53,12.06,11.33,11.07,10.93,11.13,11.52,11.01,10.34,9.60,9.70,9.81,9.81,9.69,9.28,8.73,8.68,8.34,7.46,7.05,7.52,7.64,7.06,6.80,6.92,6.83,6.76,6.67,6.64,6.79,6.79,7.57,8.26,8.02,8.01,8.32,8.94,9.08,8.35,8.45,8.18,7.71,7.83,8.19,8.58,8.49,8.66,8.94,8.69,8.51,8.79,9.09,9.15,9.27,9.51,9.30,8.91,8.29,7.83,8.09,8.17,7.97,7.81,7.75,8.12,8.42,8.60,8.77,8.74,8.43,8.33,8.44,8.51,8.33,8.02,7.73,7.70,7.47,7.77,7.70,7.70,7.94,7.91,7.43,7.14,6.87,6.62,6.19,6.24,6.58,6.95,6.78,6.69,6.48,5.84,5.60,5.38,5.60,6.04,6.08,5.83,5.43,5.19,5.13,5.20,5.22,5.09,5.03,4.73,4.71,5.06,5.15,5.09,5.40,5.94,6.52,6.78,6.70,6.91,6.88,7.08,7.40,7.72,7.78,7.76,7.37,7.05,6.86,6.41,5.93,6.01,6.24,6.00,5.86,5.69,5.51,5.36,5.38,5.97,6.30,6.48,6.69,6.64,6.39,6.60,6.27,5.97,6.07,6.33,6.20,6.54,6.76,6.57,6.38,6.12,6.16,6.11,5.93,5.80,5.77,5.42,5.49,5.61,5.61,5.63,5.52,5.46,5.27,4.62,4.18,4.54,4.45,4.60,4.91,5.14,5.08,5.44,5.81,5.68,5.84,5.80,6.03,5.97,6.19,6.58,6.68,6.50,6.26,6.69,6.30,6.18,6.06,5.93,5.78,5.70,5.17,4.86,4.89,4.64,4.76,4.93,4.81,4.76,4.57,4.12,3.91,3.97,4.39,4.34,4.30,4.74,4.65,4.49,4.19,3.81,3.29,2.94,2.95,3.05,3.03,3.05,2.90,2.78,2.93,2.52,2.27,2.87,3.37,3.18,3.19,3.29,3.27,3.12,3.07,2.79,3.39,3.85,3.93,3.69,3.47,3.36,3.35,3.53,3.60,3.71,3.77,4.17,4.00,3.85,3.77,3.98,4.12,4.01,4.33,4.45,4.39,4.35,4.57,4.72,4.90,5.00,5.07,5.04,4.82,4.67,4.69,4.58,4.53,4.75,4.71,4.48,4.59,4.67,5.03,4.88,4.43,4.20,4.20,3.67,3.49,2.98,2.78,2.48,2.84,3.15,3.49,3.30,3.14,2.88,2.73,2.29,1.52,1.60,1.87,1.82,1.86,2.13,2.71,2.46,2.57,2.37,2.33,2.23,2.34,2.48,2.36,2.43,2.58,2.18,2.00,1.76,1.47,1.41,1.18,1.35,1.93,1.99,2.26,2.11,2.17,1.84,1.58,1.54,1.02,0.90,1.06,0.91,0.89,0.84,0.83,1.02,0.89,0.76,0.71,0.62,0.71,0.67,0.71,0.67,0.70,0.81,0.85,0.82,0.71,0.84,1.20,1.40,1.52,1.60,1.37,1.37,1.58,1.65,1.52,1.64,1.70,1.59,1.68,1.70,1.63,1.77,1.55,1.62,1.64,1.37,1.47,1.52,1.35,1.54,1.68,1.63,1.54,1.49,1.39,1.67,1.70,1.52,1.22,1.38,1.26,1.30,1.17,1.07,1.13,1.18,1.27,1.60,1.96,1.92,1.90,2.01,1.82,1.84,1.77,1.87,1.78,1.80,1.98,2.05,2.18,2.38,2.60,2.63,2.70,2.82,2.78,2.78,2.77,2.89,3.00,2.95,2.68,2.54,2.49,2.37,2.33,2.19,1.83,1.83,1.49,1.57,1.53,1.64,1.68,1.56,1.32,0.59,0.39,0.34,0.34,0.28,0.27,0.27,0.34,0.39,0.39,0.45,0.54,0.82,0.86,0.82,0.84,0.76,0.77,0.86,1.11,1.20,1.23,1.54,1.81,2.11,2.78,2.87,3.19,2.96,3.03,3.70,4.18,4.06,3.76,3.64,3.94,3.82,3.54,3.59,3.95,4.14,4.31,4.49,4.77,4.49,4.00,3.98,4.19,4.20,4.56,4.50,4.32,4.16,3.71,3.50
"Market yield on U.S. Treasury securities at 7-year   constant maturity, quoted on investment basis","Percent:_Per_Year","1","NA",H15/H15/RIFLGFCY07_N.M,RIFLGFCY07_N.M,,,,,,,,,,,,,,,,,,,,,,,,,,,,,,,,,,,,,,,,,,,,,,,,,,,,,,,,,,,,,,,,,,,,,,,,,,,,,,,,,,,,,,,,,,,,,,,,,,,,,,,,,,,,,,,,,,,6.80,6.79,7.36,7.24,7.17,7.51,7.73,7.51,7.13,7.45,7.93,7.84,7.61,7.59,7.40,7.32,6.76,6.23,6.16,5.94,5.42,5.87,6.42,6.65,6.92,6.67,6.20,5.98,5.94,5.97,5.91,5.99,6.05,6.22,6.07,6.06,6.09,6.19,6.43,6.35,6.18,6.20,6.36,6.60,6.76,6.67,6.83,6.81,7.23,7.52,7.08,6.78,6.89,6.77,6.88,6.92,7.34,7.77,7.93,7.90,8.19,8.41,8.25,7.92,7.68,7.38,7.45,7.30,7.58,8.10,7.90,7.69,7.99,8.37,8.39,8.06,7.98,7.93,7.67,7.72,7.65,7.44,7.77,7.75,7.70,7.58,7.41,7.16,6.86,6.37,6.92,7.16,7.20,7.11,7.26,7.05,7.12,7.24,7.21,7.44,7.46,7.59,7.86,7.94,7.95,8.06,8.25,8.40,8.55,8.38,8.42,8.64,8.80,9.03,9.14,9.11,9.15,9.21,9.23,8.86,8.92,9.05,9.38,10.47,10.80,10.42,10.77,12.53,13.00,11.49,10.09,9.45,9.84,10.95,11.57,11.79,12.71,13.00,12.66,13.28,13.24,13.85,14.30,13.67,14.49,15.22,15.65,15.33,13.42,13.62,14.67,14.46,13.93,13.94,13.74,14.47,14.07,13.14,12.36,10.88,10.53,10.49,10.36,10.56,10.31,10.29,10.30,10.83,11.35,11.77,11.61,11.47,11.61,11.78,11.58,11.75,12.25,12.56,13.34,13.56,13.35,12.75,12.60,12.16,11.49,11.45,11.27,11.44,11.82,11.34,10.72,10.08,10.16,10.20,10.24,10.11,9.62,9.11,9.03,8.58,7.67,7.16,7.65,7.75,7.22,7.01,7.28,7.24,7.08,6.97,6.92,7.06,7.06,7.83,8.47,8.27,8.27,8.59,9.26,9.37,8.69,8.82,8.48,8.02,8.19,8.52,8.89,8.78,8.91,9.13,8.87,8.69,8.89,9.13,9.14,9.23,9.43,9.24,8.88,8.31,7.94,8.11,8.23,8.03,7.86,7.85,8.20,8.48,8.65,8.81,8.78,8.52,8.46,8.64,8.79,8.59,8.28,8.00,7.97,7.73,8.00,7.92,7.94,8.17,8.15,7.74,7.48,7.25,7.06,6.69,6.70,6.96,7.26,7.15,7.06,6.90,6.36,6.12,5.96,6.15,6.49,6.46,6.26,5.87,5.66,5.59,5.66,5.61,5.48,5.35,5.08,5.05,5.45,5.48,5.43,5.72,6.28,6.80,7.01,6.91,7.12,7.06,7.28,7.58,7.83,7.80,7.79,7.44,7.14,6.95,6.50,6.05,6.20,6.41,6.13,5.97,5.83,5.63,5.54,5.64,6.19,6.48,6.66,6.83,6.76,6.52,6.73,6.42,6.10,6.20,6.47,6.32,6.65,6.86,6.66,6.46,6.20,6.29,6.20,6.05,5.90,5.83,5.53,5.60,5.71,5.70,5.72,5.56,5.52,5.36,4.76,4.46,4.78,4.65,4.80,5.10,5.36,5.28,5.64,6.05,5.94,6.15,6.12,6.33,6.17,6.38,6.70,6.72,6.51,6.27,6.69,6.33,6.22,6.05,5.98,5.84,5.78,5.28,5.13,5.10,4.88,5.03,5.24,5.14,5.06,4.84,4.51,4.31,4.42,4.86,4.79,4.71,5.14,5.02,4.90,4.60,4.30,3.88,3.50,3.54,3.64,3.63,3.60,3.45,3.34,3.47,3.07,2.84,3.45,3.96,3.74,3.75,3.81,3.79,3.65,3.59,3.31,3.89,4.31,4.35,4.11,3.90,3.75,3.75,3.88,3.93,3.97,3.97,4.33,4.16,3.94,3.86,4.06,4.18,4.08,4.38,4.48,4.41,4.37,4.56,4.71,4.94,5.03,5.08,5.05,4.83,4.68,4.69,4.58,4.54,4.75,4.71,4.50,4.62,4.69,5.05,4.93,4.53,4.33,4.33,3.87,3.74,3.31,3.21,2.93,3.19,3.46,3.73,3.60,3.46,3.25,3.19,2.82,1.89,1.98,2.30,2.42,2.47,2.81,3.37,3.14,3.21,3.02,2.96,2.92,3.07,3.21,3.12,3.16,3.28,2.86,2.66,2.43,2.10,2.05,1.85,2.02,2.66,2.72,2.96,2.80,2.84,2.51,2.29,2.28,1.63,1.42,1.62,1.45,1.43,1.38,1.37,1.56,1.43,1.21,1.08,0.98,1.14,1.12,1.15,1.08,1.13,1.30,1.35,1.32,1.15,1.31,1.71,1.99,2.15,2.22,1.99,2.07,2.29,2.29,2.15,2.23,2.27,2.12,2.19,2.17,2.08,2.22,1.98,2.03,1.98,1.67,1.79,1.84,1.69,1.93,2.10,2.04,1.91,1.88,1.76,2.02,2.04,1.85,1.53,1.68,1.57,1.60,1.44,1.33,1.40,1.46,1.56,1.93,2.29,2.23,2.22,2.30,2.10,2.11,2.01,2.13,2.03,2.03,2.20,2.23,2.32,2.51,2.78,2.77,2.82,2.93,2.87,2.85,2.84,2.96,3.09,3.04,2.75,2.61,2.57,2.47,2.43,2.29,1.95,1.93,1.55,1.64,1.62,1.74,1.79,1.67,1.42,0.78,0.55,0.53,0.55,0.46,0.46,0.46,0.55,0.63,0.66,0.77,0.91,1.27,1.31,1.28,1.23,1.07,1.06,1.16,1.40,1.45,1.40,1.70,1.91,2.15,2.80,2.92,3.21,2.97,2.98,3.64,4.09,3.99,3.72,3.59,3.86,3.77,3.50,3.58,3.85,4.03,4.26,4.46,4.82,4.53,4.04,4.03,4.21,4.21,4.56,4.49,4.30,4.19,3.77,3.60
"Market yield on U.S. Treasury securities at 10-year   constant maturity, quoted on investment basis","Percent:_Per_Year","1","NA",H15/H15/RIFLGFCY10_N.M,RIFLGFCY10_N.M,4.72,4.49,4.25,4.28,4.35,4.15,3.90,3.80,3.80,3.89,3.93,3.84,3.84,3.78,3.74,3.78,3.71,3.88,3.92,4.04,3.98,3.92,3.94,4.06,4.08,4.04,3.93,3.84,3.87,3.91,4.01,3.98,3.98,3.93,3.92,3.86,3.83,3.92,3.93,3.97,3.93,3.99,4.02,4.00,4.08,4.11,4.12,4.13,4.17,4.15,4.22,4.23,4.20,4.17,4.19,4.19,4.20,4.19,4.15,4.18,4.19,4.21,4.21,4.20,4.21,4.21,4.20,4.25,4.29,4.35,4.45,4.62,4.61,4.83,4.87,4.75,4.78,4.81,5.02,5.22,5.18,5.01,5.16,4.84,4.58,4.63,4.54,4.59,4.85,5.02,5.16,5.28,5.30,5.48,5.75,5.70,5.53,5.56,5.74,5.64,5.87,5.72,5.50,5.42,5.46,5.58,5.70,6.03,6.04,6.19,6.30,6.17,6.32,6.57,6.72,6.69,7.16,7.10,7.14,7.65,7.79,7.24,7.07,7.39,7.91,7.84,7.46,7.53,7.39,7.33,6.84,6.39,6.24,6.11,5.70,5.83,6.39,6.52,6.73,6.58,6.14,5.93,5.81,5.93,5.95,6.08,6.07,6.19,6.13,6.11,6.11,6.21,6.55,6.48,6.28,6.36,6.46,6.64,6.71,6.67,6.85,6.90,7.13,7.40,7.09,6.79,6.73,6.74,6.99,6.96,7.21,7.51,7.58,7.54,7.81,8.04,8.04,7.90,7.68,7.43,7.50,7.39,7.73,8.23,8.06,7.86,8.06,8.40,8.43,8.14,8.05,8.00,7.74,7.79,7.73,7.56,7.90,7.86,7.83,7.77,7.59,7.41,7.29,6.87,7.21,7.39,7.46,7.37,7.46,7.28,7.33,7.40,7.34,7.52,7.58,7.69,7.96,8.03,8.04,8.15,8.35,8.46,8.64,8.41,8.42,8.64,8.81,9.01,9.10,9.10,9.12,9.18,9.25,8.91,8.95,9.03,9.33,10.30,10.65,10.39,10.80,12.41,12.75,11.47,10.18,9.78,10.25,11.10,11.51,11.75,12.68,12.84,12.57,13.19,13.12,13.68,14.10,13.47,14.28,14.94,15.32,15.15,13.39,13.72,14.59,14.43,13.86,13.87,13.62,14.30,13.95,13.06,12.34,10.91,10.55,10.54,10.46,10.72,10.51,10.40,10.38,10.85,11.38,11.85,11.65,11.54,11.69,11.83,11.67,11.84,12.32,12.63,13.41,13.56,13.36,12.72,12.52,12.16,11.57,11.50,11.38,11.51,11.86,11.43,10.85,10.16,10.31,10.33,10.37,10.24,9.78,9.26,9.19,8.70,7.78,7.30,7.71,7.80,7.30,7.17,7.45,7.43,7.25,7.11,7.08,7.25,7.25,8.02,8.61,8.40,8.45,8.76,9.42,9.52,8.86,8.99,8.67,8.21,8.37,8.72,9.09,8.92,9.06,9.26,8.98,8.80,8.96,9.11,9.09,9.17,9.36,9.18,8.86,8.28,8.02,8.11,8.19,8.01,7.87,7.84,8.21,8.47,8.59,8.79,8.76,8.48,8.47,8.75,8.89,8.72,8.39,8.08,8.09,7.85,8.11,8.04,8.07,8.28,8.27,7.90,7.65,7.53,7.42,7.09,7.03,7.34,7.54,7.48,7.39,7.26,6.84,6.59,6.42,6.59,6.87,6.77,6.60,6.26,5.98,5.97,6.04,5.96,5.81,5.68,5.36,5.33,5.72,5.77,5.75,5.97,6.48,6.97,7.18,7.10,7.30,7.24,7.46,7.74,7.96,7.81,7.78,7.47,7.20,7.06,6.63,6.17,6.28,6.49,6.20,6.04,5.93,5.71,5.65,5.81,6.27,6.51,6.74,6.91,6.87,6.64,6.83,6.53,6.20,6.30,6.58,6.42,6.69,6.89,6.71,6.49,6.22,6.30,6.21,6.03,5.88,5.81,5.54,5.57,5.65,5.64,5.65,5.50,5.46,5.34,4.81,4.53,4.83,4.65,4.72,5.00,5.23,5.18,5.54,5.90,5.79,5.94,5.92,6.11,6.03,6.28,6.66,6.52,6.26,5.99,6.44,6.10,6.05,5.83,5.80,5.74,5.72,5.24,5.16,5.10,4.89,5.14,5.39,5.28,5.24,4.97,4.73,4.57,4.65,5.09,5.04,4.91,5.28,5.21,5.16,4.93,4.65,4.26,3.87,3.94,4.05,4.03,4.05,3.90,3.81,3.96,3.57,3.33,3.98,4.45,4.27,4.29,4.30,4.27,4.15,4.08,3.83,4.35,4.72,4.73,4.50,4.28,4.13,4.10,4.19,4.23,4.22,4.17,4.50,4.34,4.14,4.00,4.18,4.26,4.20,4.46,4.54,4.47,4.42,4.57,4.72,4.99,5.11,5.11,5.09,4.88,4.72,4.73,4.60,4.56,4.76,4.72,4.56,4.69,4.75,5.10,5.00,4.67,4.52,4.53,4.15,4.10,3.74,3.74,3.51,3.68,3.88,4.10,4.01,3.89,3.69,3.81,3.53,2.42,2.52,2.87,2.82,2.93,3.29,3.72,3.56,3.59,3.40,3.39,3.40,3.59,3.73,3.69,3.73,3.85,3.42,3.20,3.01,2.70,2.65,2.54,2.76,3.29,3.39,3.58,3.41,3.46,3.17,3.00,3.00,2.30,1.98,2.15,2.01,1.98,1.97,1.97,2.17,2.05,1.80,1.62,1.53,1.68,1.72,1.75,1.65,1.72,1.91,1.98,1.96,1.76,1.93,2.30,2.58,2.74,2.81,2.62,2.72,2.90,2.86,2.71,2.72,2.71,2.56,2.60,2.54,2.42,2.53,2.30,2.33,2.21,1.88,1.98,2.04,1.94,2.20,2.36,2.32,2.17,2.17,2.07,2.26,2.24,2.09,1.78,1.89,1.81,1.81,1.64,1.50,1.56,1.63,1.76,2.14,2.49,2.43,2.42,2.48,2.30,2.30,2.19,2.32,2.21,2.20,2.36,2.35,2.40,2.58,2.86,2.84,2.87,2.98,2.91,2.89,2.89,3.00,3.15,3.12,2.83,2.71,2.68,2.57,2.53,2.40,2.07,2.06,1.63,1.70,1.71,1.81,1.86,1.76,1.50,0.87,0.66,0.67,0.73,0.62,0.65,0.68,0.79,0.87,0.93,1.08,1.26,1.61,1.64,1.62,1.52,1.32,1.28,1.37,1.58,1.56,1.47,1.76,1.93,2.13,2.75,2.90,3.14,2.90,2.90,3.52,3.98,3.89,3.62,3.53,3.75,3.66,3.46,3.57,3.75,3.90,4.17,4.38,4.80,4.50,4.02,4.06,4.21,4.21,4.54,4.48,4.31,4.25,3.87,3.72
"Market yield on U.S. Treasury securities at 20-year   constant maturity, quoted on investment basis","Percent:_Per_Year","1","NA",H15/H15/RIFLGFCY20_N.M,RIFLGFCY20_N.M,4.42,4.28,4.14,4.23,4.20,4.04,3.91,3.84,3.86,3.92,3.96,3.91,3.90,3.84,3.81,3.81,3.74,3.89,3.93,4.04,4.04,4.01,4.00,4.07,4.10,4.12,4.04,3.93,3.92,3.96,4.05,4.01,4.00,3.94,3.93,3.92,3.94,3.97,3.98,4.03,4.02,4.02,4.06,4.03,4.09,4.12,4.16,4.19,4.19,4.17,4.22,4.24,4.20,4.17,4.16,4.18,4.20,4.20,4.17,4.18,4.19,4.21,4.20,4.20,4.21,4.21,4.21,4.25,4.30,4.32,4.40,4.50,4.52,4.71,4.72,4.65,4.69,4.73,4.84,4.95,4.94,4.83,4.87,4.76,4.51,4.61,4.57,4.64,4.90,4.99,5.01,5.12,5.16,5.36,5.66,5.59,5.39,5.38,5.59,5.46,5.55,5.40,5.29,5.23,5.28,5.44,5.56,5.88,5.99,6.11,6.22,6.03,6.11,6.28,6.27,6.22,6.55,6.49,6.74,6.91,6.92,6.67,6.72,6.85,7.24,7.34,6.92,7.07,6.88,6.88,6.58,6.28,6.18,6.14,5.94,6.00,6.32,6.38,6.38,6.27,6.05,5.92,5.86,6.00,6.01,6.06,6.06,6.16,6.07,6.01,6.01,5.94,6.05,6.00,5.79,5.96,6.78,6.88,6.91,6.86,6.99,7.06,7.29,7.61,7.25,7.18,7.30,7.29,7.48,7.46,7.73,8.01,8.14,8.10,8.26,8.60,8.60,8.37,7.99,7.91,7.88,7.71,7.99,8.36,8.22,8.04,8.17,8.50,8.57,8.35,8.28,8.23,8.01,8.03,7.97,7.86,8.13,8.03,8.00,7.91,7.78,7.70,7.64,7.30,7.48,7.64,7.73,7.67,7.74,7.64,7.60,7.64,7.57,7.71,7.76,7.87,8.14,8.22,8.21,8.32,8.44,8.53,8.69,8.45,8.47,8.69,8.75,8.90,8.98,9.03,9.08,9.12,9.21,8.91,8.92,8.97,9.21,9.99,10.37,10.18,10.65,12.21,12.49,11.41,10.44,9.89,10.32,11.07,11.47,11.75,12.44,12.49,12.29,12.98,12.94,13.46,13.82,13.20,13.92,14.52,15.07,15.13,13.56,13.73,14.57,14.48,13.75,13.57,13.46,14.18,13.76,12.91,12.16,10.97,10.57,10.62,10.78,11.03,10.80,10.63,10.67,11.12,11.59,11.96,11.82,11.77,11.92,12.02,11.82,12.00,12.45,12.65,13.43,13.54,13.36,12.71,12.42,12.04,11.66,11.64,11.58,11.70,12.06,11.69,11.19,10.57,10.68,10.73,10.80,10.67,10.24,9.75,9.59,9.08,8.09,7.50,7.81,7.69,7.29,7.28,7.56,7.61,7.42,7.28,NC,NC,NC,NC,NC,NC,NC,NC,NC,NC,NC,NC,NC,NC,NC,NC,NC,NC,NC,NC,NC,NC,NC,NC,NC,NC,NC,NC,NC,NC,NC,NC,NC,NC,NC,NC,NC,NC,NC,NC,NC,NC,NC,NC,NC,NC,NC,NC,NC,NC,NC,NC,NC,NC,NC,NC,NC,NC,NC,NC,NC,NC,NC,NC,NC,NC,NC,NC,NC,NC,NC,NC,NC,NC,NC,NC,NC,NC,NC,NC,NC,6.07,6.38,6.40,6.39,6.57,7.00,7.40,7.54,7.51,7.67,7.62,7.87,8.08,8.20,7.99,7.97,7.73,7.57,7.45,7.01,6.59,6.74,6.92,6.65,6.45,6.33,6.12,6.11,6.30,6.74,6.98,7.11,7.22,7.14,6.97,7.17,6.90,6.58,6.65,6.91,6.77,7.05,7.20,7.02,6.84,6.56,6.65,6.56,6.38,6.20,6.07,5.88,5.96,6.01,6.00,6.01,5.80,5.78,5.66,5.38,5.30,5.48,5.36,5.45,5.66,5.87,5.82,6.08,6.36,6.28,6.43,6.50,6.66,6.48,6.69,6.86,6.54,6.38,6.18,6.55,6.28,6.20,6.02,6.09,6.04,5.98,5.64,5.65,5.62,5.49,5.78,5.92,5.82,5.75,5.58,5.53,5.34,5.33,5.76,5.69,5.61,5.93,5.85,5.81,5.65,5.51,5.19,4.87,5.00,5.04,5.01,5.02,4.87,4.82,4.91,4.52,4.34,4.92,5.39,5.21,5.21,5.17,5.11,5.01,4.94,4.72,5.16,5.46,5.45,5.24,5.07,4.89,4.85,4.89,4.88,4.77,4.61,4.89,4.75,4.56,4.35,4.48,4.53,4.51,4.74,4.83,4.73,4.65,4.73,4.91,5.22,5.35,5.29,5.25,5.08,4.93,4.94,4.78,4.78,4.95,4.93,4.81,4.95,4.98,5.29,5.19,5.00,4.84,4.83,4.56,4.57,4.35,4.49,4.36,4.44,4.60,4.74,4.62,4.53,4.32,4.45,4.27,3.18,3.46,3.83,3.78,3.84,4.22,4.51,4.38,4.33,4.14,4.16,4.24,4.40,4.50,4.48,4.49,4.53,4.11,3.95,3.80,3.52,3.47,3.52,3.82,4.17,4.28,4.42,4.27,4.28,4.01,3.91,3.95,3.24,2.83,2.87,2.72,2.67,2.70,2.75,2.94,2.82,2.53,2.31,2.22,2.40,2.49,2.51,2.39,2.47,2.68,2.78,2.78,2.55,2.73,3.07,3.31,3.49,3.53,3.38,3.50,3.63,3.52,3.38,3.35,3.27,3.12,3.15,3.07,2.94,3.01,2.77,2.76,2.55,2.20,2.34,2.41,2.33,2.69,2.85,2.77,2.55,2.62,2.50,2.69,2.61,2.49,2.20,2.28,2.21,2.22,2.02,1.82,1.89,2.02,2.17,2.54,2.84,2.75,2.76,2.83,2.67,2.70,2.54,2.65,2.55,2.53,2.65,2.60,2.60,2.73,3.02,2.97,2.96,3.05,2.98,2.94,2.97,3.08,3.27,3.27,2.98,2.89,2.87,2.80,2.76,2.63,2.36,2.36,1.91,1.97,2.00,2.13,2.16,2.07,1.81,1.26,1.06,1.12,1.27,1.09,1.14,1.21,1.34,1.40,1.47,1.63,1.88,2.24,2.20,2.22,2.09,1.87,1.83,1.87,2.03,1.97,1.90,2.15,2.31,2.51,2.99,3.26,3.48,3.35,3.35,3.82,4.28,4.22,3.87,3.81,3.95,3.94,3.80,3.96,4.04,4.15,4.46,4.65,5.13,4.84,4.32,4.39,4.49,4.46,4.77,4.71,4.54,4.56,4.25,4.10
"Market yield on U.S. Treasury securities at 30-year   constant maturity, quoted on investment basis","Percent:_Per_Year","1","NA",H15/H15/RIFLGFCY30_N.M,RIFLGFCY30_N.M,,,,,,,,,,,,,,,,,,,,,,,,,,,,,,,,,,,,,,,,,,,,,,,,,,,,,,,,,,,,,,,,,,,,,,,,,,,,,,,,,,,,,,,,,,,,,,,,,,,,,,,,,,,,,,,,,,,,,,,,,,,,,,,,,,,,,,,,,,,,,,,,,,,,,,,,,,,,,,,,,,,,,,,,,,,,,,,,,,,,,,,,,,,,,,,,,,,,,,,,,,,,,,7.75,7.80,7.73,7.80,7.64,7.64,7.68,7.64,7.77,7.85,7.94,8.18,8.25,8.23,8.34,8.43,8.50,8.65,8.47,8.47,8.67,8.75,8.88,8.94,9.00,9.03,9.08,9.19,8.92,8.93,8.98,9.17,9.85,10.30,10.12,10.60,12.13,12.34,11.40,10.36,9.81,10.24,11.00,11.34,11.59,12.37,12.40,12.14,12.80,12.69,13.20,13.60,12.96,13.59,14.17,14.67,14.68,13.35,13.45,14.22,14.22,13.53,13.37,13.24,13.92,13.55,12.77,12.07,11.17,10.54,10.54,10.63,10.88,10.63,10.48,10.53,10.93,11.40,11.82,11.63,11.58,11.75,11.88,11.75,11.95,12.38,12.65,13.43,13.44,13.21,12.54,12.29,11.98,11.56,11.52,11.45,11.47,11.81,11.47,11.05,10.45,10.50,10.56,10.61,10.50,10.06,9.54,9.40,8.93,7.96,7.39,7.52,7.57,7.27,7.33,7.62,7.70,7.52,7.37,7.39,7.54,7.55,8.25,8.78,8.57,8.64,8.97,9.59,9.61,8.95,9.12,8.83,8.43,8.63,8.95,9.23,9.00,9.14,9.32,9.06,8.89,9.02,9.01,8.93,9.01,9.17,9.03,8.83,8.27,8.08,8.12,8.15,8.00,7.90,7.90,8.26,8.50,8.56,8.76,8.73,8.46,8.50,8.86,9.03,8.86,8.54,8.24,8.27,8.03,8.29,8.21,8.27,8.47,8.45,8.14,7.95,7.93,7.92,7.70,7.58,7.85,7.97,7.96,7.89,7.84,7.60,7.39,7.34,7.53,7.61,7.44,7.34,7.09,6.82,6.85,6.92,6.81,6.63,6.32,6.00,5.94,6.21,6.25,6.29,6.49,6.91,7.27,7.41,7.40,7.58,7.49,7.71,7.94,8.08,7.87,7.85,7.61,7.45,7.36,6.95,6.57,6.72,6.86,6.55,6.37,6.26,6.06,6.05,6.24,6.60,6.79,6.93,7.06,7.03,6.84,7.03,6.81,6.48,6.55,6.83,6.69,6.93,7.09,6.94,6.77,6.51,6.58,6.50,6.33,6.11,5.99,5.81,5.89,5.95,5.92,5.93,5.70,5.68,5.54,5.20,5.01,5.25,5.06,5.16,5.37,5.58,5.55,5.81,6.04,5.98,6.07,6.07,6.26,6.15,6.35,6.63,6.23,6.05,5.85,6.15,5.93,5.85,5.72,5.83,5.80,5.78,5.49,5.54,5.45,5.34,5.65,5.78,5.67,5.61,5.48,5.48,5.32,5.12,5.48,5.45,5.45,5.81,5.79,5.76,5.68,5.59,5.28,4.96,5.18,5.18,5.13,5.14,5.02,5.03,5.13,4.76,4.62,5.13,5.45,5.28,5.30,5.25,5.21,5.13,5.08,4.90,5.28,5.51,5.48,5.31,5.15,4.98,4.94,4.95,4.91,4.77,4.56,4.77,4.65,4.49,4.28,4.38,4.44,4.45,4.64,4.70,4.62,4.57,4.57,4.73,5.06,5.20,5.15,5.13,5.00,4.85,4.85,4.69,4.68,4.85,4.82,4.72,4.87,4.90,5.20,5.11,4.93,4.79,4.77,4.52,4.53,4.33,4.52,4.39,4.44,4.60,4.69,4.57,4.50,4.27,4.17,4.00,2.87,3.13,3.59,3.64,3.76,4.23,4.52,4.41,4.37,4.19,4.19,4.31,4.49,4.60,4.62,4.64,4.69,4.29,4.13,3.99,3.80,3.77,3.87,4.19,4.42,4.52,4.65,4.51,4.50,4.29,4.23,4.27,3.65,3.18,3.13,3.02,2.98,3.03,3.11,3.28,3.18,2.93,2.70,2.59,2.77,2.88,2.90,2.80,2.88,3.08,3.17,3.16,2.93,3.11,3.40,3.61,3.76,3.79,3.68,3.80,3.89,3.77,3.66,3.62,3.52,3.39,3.42,3.33,3.20,3.26,3.04,3.04,2.83,2.46,2.57,2.63,2.59,2.96,3.11,3.07,2.86,2.95,2.89,3.03,2.97,2.86,2.62,2.68,2.62,2.63,2.45,2.23,2.26,2.35,2.50,2.86,3.11,3.02,3.03,3.08,2.94,2.96,2.80,2.88,2.80,2.78,2.88,2.80,2.77,2.88,3.13,3.09,3.07,3.13,3.05,3.01,3.04,3.15,3.34,3.36,3.10,3.04,3.02,2.98,2.94,2.82,2.57,2.57,2.12,2.16,2.19,2.28,2.30,2.22,1.97,1.46,1.27,1.38,1.49,1.31,1.36,1.42,1.57,1.62,1.67,1.82,2.04,2.34,2.30,2.32,2.16,1.94,1.92,1.94,2.06,1.94,1.85,2.10,2.25,2.41,2.81,3.07,3.25,3.10,3.13,3.56,4.04,4.00,3.66,3.66,3.80,3.77,3.68,3.86,3.87,3.96,4.28,4.47,4.95,4.66,4.14,4.26,4.38,4.36,4.66,4.62,4.44,4.46,4.15,4.04
"Market yield on U.S. Treasury securities at 5-year   constant maturity, quoted on investment basis,   inflation-indexed","Percent:_Per_Year","1","NA",H15/H15/RIFLGFCY05_XII_N.M,RIFLGFCY05_XII_N.M,,,,,,,,,,,,,,,,,,,,,,,,,,,,,,,,,,,,,,,,,,,,,,,,,,,,,,,,,,,,,,,,,,,,,,,,,,,,,,,,,,,,,,,,,,,,,,,,,,,,,,,,,,,,,,,,,,,,,,,,,,,,,,,,,,,,,,,,,,,,,,,,,,,,,,,,,,,,,,,,,,,,,,,,,,,,,,,,,,,,,,,,,,,,,,,,,,,,,,,,,,,,,,,,,,,,,,,,,,,,,,,,,,,,,,,,,,,,,,,,,,,,,,,,,,,,,,,,,,,,,,,,,,,,,,,,,,,,,,,,,,,,,,,,,,,,,,,,,,,,,,,,,,,,,,,,,,,,,,,,,,,,,,,,,,,,,,,,,,,,,,,,,,,,,,,,,,,,,,,,,,,,,,,,,,,,,,,,,,,,,,,,,,,,,,,,,,,,,,,,,,,,,,,,,,,,,,,,,,,,,,,,,,,,,,,,,,,,,,,,,,,,,,,,,,,,,,,,,,,,,,,,,,,,,,,,,,,,,,,,,,,,,,,,,,,,,,,,,,,,,,,,,,,,,,,,,,,,,1.65,1.24,1.09,1.36,1.18,0.91,1.30,1.48,1.29,1.21,1.27,1.23,1.09,0.86,0.52,1.02,1.34,1.41,1.29,1.12,1.10,0.97,0.90,0.92,1.13,1.08,1.29,1.23,1.28,1.39,1.67,1.71,1.40,1.70,1.97,2.09,1.93,1.98,2.09,2.26,2.30,2.45,2.46,2.27,2.38,2.51,2.41,2.28,2.47,2.34,2.04,2.12,2.29,2.65,2.60,2.39,2.14,2.01,1.35,1.27,0.86,0.65,0.23,0.62,0.79,0.97,0.84,1.15,1.55,2.75,3.69,1.76,1.59,1.29,1.23,1.11,1.07,1.18,1.18,1.29,1.03,0.83,0.48,0.43,0.42,0.42,0.56,0.62,0.41,0.34,0.34,0.13,0.13,-0.32,-0.21,0.21,0.06,0.25,-0.09,-0.14,-0.34,-0.38,-0.49,-0.75,-0.72,-0.63,-0.85,-0.78,-0.92,-1.11,-1.03,-1.06,-1.12,-1.05,-1.15,-1.19,-1.47,-1.47,-1.38,-1.40,-1.39,-1.39,-1.43,-1.38,-1.14,-0.59,-0.45,-0.33,-0.17,-0.41,-0.38,-0.09,-0.09,-0.26,-0.14,-0.11,-0.34,-0.29,-0.27,-0.21,0.10,0.06,0.14,0.37,0.17,0.11,0.04,-0.26,-0.10,0.05,0.14,0.31,0.33,0.21,0.40,0.46,0.33,0.14,-0.03,-0.22,-0.22,-0.27,-0.32,-0.17,-0.17,-0.26,-0.07,0.15,0.03,0.01,0.18,0.08,0.09,0.14,0.23,0.16,0.12,0.25,0.30,0.42,0.45,0.63,0.61,0.65,0.72,0.71,0.74,0.79,0.89,1.01,1.10,1.08,0.91,0.73,0.56,0.49,0.48,0.28,0.25,0.11,0.17,0.12,0.09,0.06,-0.09,-0.26,-0.08,-0.37,-0.43,-0.67,-1.03,-1.28,-1.26,-1.23,-1.24,-1.48,-1.66,-1.77,-1.67,-1.67,-1.83,-1.63,-1.73,-1.72,-1.63,-1.64,-1.78,-1.52,-1.26,-1.06,-1.30,-0.54,-0.15,0.30,0.38,0.34,1.25,1.71,1.61,1.45,1.41,1.50,1.45,1.23,1.44,1.81,1.93,2.07,2.23,2.46,2.24,1.88,1.76,1.87,1.82,2.11,2.17,2.10,1.98,1.74,1.53
"Market yield on U.S. Treasury securities at 7-year   constant maturity, quoted on investment basis,   inflation-indexed","Percent:_Per_Year","1","NA",H15/H15/RIFLGFCY07_XII_N.M,RIFLGFCY07_XII_N.M,,,,,,,,,,,,,,,,,,,,,,,,,,,,,,,,,,,,,,,,,,,,,,,,,,,,,,,,,,,,,,,,,,,,,,,,,,,,,,,,,,,,,,,,,,,,,,,,,,,,,,,,,,,,,,,,,,,,,,,,,,,,,,,,,,,,,,,,,,,,,,,,,,,,,,,,,,,,,,,,,,,,,,,,,,,,,,,,,,,,,,,,,,,,,,,,,,,,,,,,,,,,,,,,,,,,,,,,,,,,,,,,,,,,,,,,,,,,,,,,,,,,,,,,,,,,,,,,,,,,,,,,,,,,,,,,,,,,,,,,,,,,,,,,,,,,,,,,,,,,,,,,,,,,,,,,,,,,,,,,,,,,,,,,,,,,,,,,,,,,,,,,,,,,,,,,,,,,,,,,,,,,,,,,,,,,,,,,,,,,,,,,,,,,,,,,,,,,,,,,,,,,,,,,,,,,,,,,,,,,,,,,,,,,,,,,,,,,,,,,,,,,,,,,,,,,,,,,,,,,,,,,,,,,,,,,,,,,,,,,,,,,,,,,,,,,,,,,,,,,,,,,,,,,,,,,,,,,,2.10,1.74,1.60,1.85,1.61,1.37,1.76,1.97,1.80,1.68,1.64,1.64,1.48,1.31,0.98,1.49,1.77,1.80,1.68,1.51,1.46,1.35,1.27,1.28,1.40,1.33,1.49,1.42,1.41,1.49,1.75,1.79,1.56,1.82,2.03,2.10,1.98,2.02,2.15,2.34,2.36,2.48,2.48,2.29,2.35,2.45,2.35,2.28,2.47,2.38,2.14,2.20,2.32,2.67,2.63,2.45,2.24,2.15,1.65,1.62,1.24,1.09,0.73,1.00,1.16,1.35,1.24,1.47,1.71,2.96,3.84,1.96,1.72,1.48,1.43,1.29,1.34,1.48,1.44,1.49,1.29,1.12,0.84,0.86,0.85,0.90,1.08,1.10,0.86,0.76,0.73,0.51,0.46,0.02,0.17,0.65,0.62,0.84,0.54,0.49,0.29,0.21,0.09,-0.36,-0.39,-0.28,-0.46,-0.44,-0.55,-0.69,-0.57,-0.65,-0.79,-0.82,-0.92,-0.94,-1.17,-1.18,-1.13,-1.13,-1.04,-0.94,-0.97,-0.97,-0.69,-0.21,0.02,0.15,0.34,0.11,0.18,0.47,0.45,0.30,0.37,0.38,0.21,0.23,0.18,0.15,0.38,0.32,0.37,0.47,0.24,0.22,0.23,-0.01,0.27,0.39,0.42,0.49,0.52,0.39,0.55,0.59,0.49,0.30,0.16,-0.03,-0.04,-0.07,-0.16,-0.06,-0.05,-0.10,0.11,0.36,0.27,0.29,0.42,0.28,0.29,0.32,0.42,0.35,0.31,0.42,0.43,0.48,0.51,0.73,0.71,0.72,0.82,0.76,0.76,0.79,0.88,1.03,1.11,1.04,0.91,0.76,0.60,0.54,0.52,0.32,0.27,0.07,0.13,0.12,0.12,0.09,-0.04,-0.20,-0.13,-0.44,-0.45,-0.62,-0.95,-1.17,-1.14,-1.10,-1.06,-1.24,-1.31,-1.35,-1.14,-1.11,-1.25,-1.18,-1.32,-1.34,-1.28,-1.28,-1.39,-1.24,-0.94,-0.78,-0.99,-0.32,0.04,0.42,0.45,0.36,1.18,1.64,1.56,1.39,1.34,1.45,1.39,1.21,1.39,1.65,1.74,1.93,2.12,2.43,2.22,1.85,1.77,1.89,1.85,2.12,2.16,2.07,1.97,1.75,1.56
"Market yield on U.S. Treasury securities at 10-year   constant maturity, quoted on investment basis,   inflation-indexed","Percent:_Per_Year","1","NA",H15/H15/RIFLGFCY10_XII_N.M,RIFLGFCY10_XII_N.M,,,,,,,,,,,,,,,,,,,,,,,,,,,,,,,,,,,,,,,,,,,,,,,,,,,,,,,,,,,,,,,,,,,,,,,,,,,,,,,,,,,,,,,,,,,,,,,,,,,,,,,,,,,,,,,,,,,,,,,,,,,,,,,,,,,,,,,,,,,,,,,,,,,,,,,,,,,,,,,,,,,,,,,,,,,,,,,,,,,,,,,,,,,,,,,,,,,,,,,,,,,,,,,,,,,,,,,,,,,,,,,,,,,,,,,,,,,,,,,,,,,,,,,,,,,,,,,,,,,,,,,,,,,,,,,,,,,,,,,,,,,,,,,,,,,,,,,,,,,,,,,,,,,,,,,,,,,,,,,,,,,,,,,,,,,,,,,,,,,,,,,,,,,,,,,,,,,,,,,,,,,,,,,,,,,,,,,,,,,,,,,,,,,,,,,,,,,,,,,,,,,,,,,,,,,,,,,,,,,,,,,,,,,,,,,,,,,,,,,,,,,,,,,,,,,,,,,,,,,,,,,,,,,,,,,,,,,,,,,,,,,,,,,,,,,,,,,,,,,,,,,,,,,,,,,,,,,,,2.29,1.99,1.94,2.18,1.91,1.72,2.11,2.32,2.19,2.08,1.96,1.98,1.89,1.76,1.47,1.90,2.09,2.15,2.02,1.86,1.80,1.73,1.68,1.67,1.72,1.63,1.79,1.71,1.65,1.67,1.88,1.89,1.70,1.94,2.06,2.12,2.01,2.05,2.20,2.41,2.45,2.53,2.51,2.29,2.32,2.41,2.29,2.25,2.44,2.36,2.18,2.26,2.37,2.69,2.64,2.44,2.26,2.20,1.77,1.79,1.47,1.41,1.09,1.36,1.46,1.63,1.57,1.68,1.85,2.75,2.89,2.17,1.91,1.75,1.71,1.57,1.72,1.86,1.82,1.77,1.64,1.48,1.28,1.36,1.37,1.42,1.51,1.50,1.31,1.26,1.24,1.02,0.91,0.53,0.67,1.04,1.06,1.24,0.96,0.86,0.78,0.76,0.62,0.14,0.08,0.19,0.00,-0.03,-0.11,-0.25,-0.14,-0.21,-0.34,-0.50,-0.60,-0.59,-0.71,-0.75,-0.77,-0.76,-0.61,-0.57,-0.59,-0.65,-0.36,0.25,0.46,0.55,0.66,0.43,0.55,0.74,0.63,0.55,0.56,0.54,0.37,0.37,0.28,0.22,0.46,0.38,0.45,0.51,0.27,0.26,0.28,0.08,0.33,0.50,0.50,0.56,0.65,0.57,0.69,0.73,0.67,0.47,0.34,0.19,0.21,0.17,0.04,0.09,0.12,0.10,0.32,0.56,0.42,0.40,0.49,0.39,0.47,0.46,0.55,0.43,0.37,0.50,0.50,0.50,0.54,0.76,0.75,0.74,0.84,0.79,0.77,0.79,0.88,1.04,1.11,1.02,0.92,0.80,0.66,0.60,0.57,0.37,0.31,0.04,0.11,0.15,0.17,0.14,0.04,-0.11,-0.12,-0.45,-0.44,-0.54,-0.83,-1.01,-0.98,-0.92,-0.84,-0.98,-1.00,-0.92,-0.66,-0.71,-0.85,-0.82,-1.01,-1.07,-0.97,-0.95,-1.06,-0.99,-0.69,-0.52,-0.72,-0.14,0.21,0.53,0.53,0.39,1.14,1.59,1.52,1.36,1.29,1.41,1.36,1.19,1.36,1.55,1.60,1.83,2.04,2.41,2.20,1.84,1.79,1.93,1.90,2.15,2.15,2.05,1.97,1.76,1.62
"Market yield on U.S. Treasury securities at 20-year   constant maturity, quoted on investment basis,   inflation-indexed","Percent:_Per_Year","1","NA",H15/H15/RIFLGFCY20_XII_N.M,RIFLGFCY20_XII_N.M,,,,,,,,,,,,,,,,,,,,,,,,,,,,,,,,,,,,,,,,,,,,,,,,,,,,,,,,,,,,,,,,,,,,,,,,,,,,,,,,,,,,,,,,,,,,,,,,,,,,,,,,,,,,,,,,,,,,,,,,,,,,,,,,,,,,,,,,,,,,,,,,,,,,,,,,,,,,,,,,,,,,,,,,,,,,,,,,,,,,,,,,,,,,,,,,,,,,,,,,,,,,,,,,,,,,,,,,,,,,,,,,,,,,,,,,,,,,,,,,,,,,,,,,,,,,,,,,,,,,,,,,,,,,,,,,,,,,,,,,,,,,,,,,,,,,,,,,,,,,,,,,,,,,,,,,,,,,,,,,,,,,,,,,,,,,,,,,,,,,,,,,,,,,,,,,,,,,,,,,,,,,,,,,,,,,,,,,,,,,,,,,,,,,,,,,,,,,,,,,,,,,,,,,,,,,,,,,,,,,,,,,,,,,,,,,,,,,,,,,,,,,,,,,,,,,,,,,,,,,,,,,,,,,,,,,,,,,,,,,,,,,,,,,,,,,,,,,,,,,,,,,,,,,,,,,,,,,,,,,,,,,,,,,,,,,,,,2.44,2.23,2.16,2.13,2.09,2.02,1.98,1.85,1.95,1.87,1.82,1.80,2.00,2.02,1.93,2.09,2.16,2.14,2.05,2.01,2.17,2.43,2.48,2.54,2.52,2.31,2.31,2.38,2.23,2.26,2.42,2.38,2.27,2.35,2.45,2.67,2.62,2.47,2.30,2.26,1.99,2.08,1.81,1.87,1.76,1.91,2.00,2.19,2.09,2.15,2.25,2.87,3.00,2.32,2.46,2.31,2.26,2.22,2.36,2.36,2.31,2.22,2.13,2.04,1.90,1.99,2.00,2.03,1.98,1.90,1.72,1.69,1.80,1.65,1.58,1.32,1.44,1.67,1.70,1.85,1.58,1.48,1.47,1.53,1.36,0.81,0.69,0.72,0.55,0.56,0.51,0.45,0.56,0.50,0.44,0.10,-0.01,0.06,0.02,-0.01,-0.06,0.00,0.20,0.19,0.19,0.07,0.35,0.98,1.09,1.16,1.22,1.05,1.20,1.32,1.17,1.12,1.05,0.98,0.82,0.84,0.72,0.64,0.81,0.74,0.77,0.73,0.50,0.52,0.55,0.42,0.70,0.89,0.87,0.87,1.01,0.98,1.03,1.06,1.05,0.85,0.73,0.60,0.64,0.63,0.42,0.43,0.47,0.49,0.69,0.89,0.74,0.73,0.79,0.72,0.80,0.75,0.84,0.74,0.67,0.77,0.72,0.68,0.69,0.89,0.89,0.85,0.92,0.87,0.84,0.86,0.95,1.14,1.21,1.11,1.07,0.96,0.85,0.79,0.75,0.59,0.54,0.25,0.32,0.36,0.37,0.35,0.26,0.12,0.03,-0.28,-0.26,-0.28,-0.53,-0.62,-0.59,-0.51,-0.44,-0.54,-0.53,-0.35,-0.14,-0.20,-0.27,-0.34,-0.52,-0.56,-0.51,-0.51,-0.63,-0.61,-0.31,-0.13,-0.30,0.13,0.47,0.70,0.75,0.65,1.21,1.64,1.55,1.37,1.35,1.46,1.43,1.33,1.48,1.56,1.60,1.88,2.07,2.45,2.23,1.90,1.92,2.04,2.01,2.24,2.22,2.11,2.09,1.91,1.80
"Market yield on U.S. Treasury securities at 30-year^  constant maturity, quoted on investment basis,^  inflation-indexed","Percent:_Per_Year","1","NA",H15/H15/RIFLGFCY30_XII_N.M,RIFLGFCY30_XII_N.M,,,,,,,,,,,,,,,,,,,,,,,,,,,,,,,,,,,,,,,,,,,,,,,,,,,,,,,,,,,,,,,,,,,,,,,,,,,,,,,,,,,,,,,,,,,,,,,,,,,,,,,,,,,,,,,,,,,,,,,,,,,,,,,,,,,,,,,,,,,,,,,,,,,,,,,,,,,,,,,,,,,,,,,,,,,,,,,,,,,,,,,,,,,,,,,,,,,,,,,,,,,,,,,,,,,,,,,,,,,,,,,,,,,,,,,,,,,,,,,,,,,,,,,,,,,,,,,,,,,,,,,,,,,,,,,,,,,,,,,,,,,,,,,,,,,,,,,,,,,,,,,,,,,,,,,,,,,,,,,,,,,,,,,,,,,,,,,,,,,,,,,,,,,,,,,,,,,,,,,,,,,,,,,,,,,,,,,,,,,,,,,,,,,,,,,,,,,,,,,,,,,,,,,,,,,,,,,,,,,,,,,,,,,,,,,,,,,,,,,,,,,,,,,,,,,,,,,,,,,,,,,,,,,,,,,,,,,,,,,,,,,,,,,,,,,,,,,,,,,,,,,,,,,,,,,,,,,,,,,,,,,,,,,,,,,,,,,,,,,,,,,,,,,,,,,,,,,,,,,,,,,,,,,,,,,,,,,,,,,,,,,,,,,,,,,,,,,,,,,,,,2.16,2.15,2.05,1.83,1.77,1.87,1.76,1.66,1.44,1.61,1.89,1.97,2.13,1.89,1.79,1.77,1.78,1.62,1.10,1.02,0.99,0.78,0.78,0.74,0.72,0.87,0.79,0.68,0.50,0.39,0.47,0.44,0.41,0.35,0.33,0.48,0.57,0.62,0.48,0.72,1.21,1.34,1.44,1.50,1.37,1.51,1.61,1.44,1.40,1.33,1.23,1.08,1.11,0.98,0.90,1.05,0.96,0.99,0.89,0.66,0.73,0.73,0.65,0.96,1.13,1.11,1.08,1.24,1.22,1.25,1.26,1.26,1.09,0.99,0.86,0.86,0.82,0.61,0.62,0.64,0.69,0.86,1.04,0.92,0.93,0.99,0.91,0.99,0.93,1.01,0.93,0.87,0.94,0.87,0.80,0.80,0.99,0.99,0.93,0.98,0.93,0.88,0.92,1.00,1.21,1.30,1.19,1.19,1.10,1.02,0.97,0.92,0.79,0.77,0.49,0.51,0.55,0.54,0.52,0.43,0.29,0.16,-0.12,-0.08,-0.06,-0.29,-0.35,-0.34,-0.29,-0.26,-0.33,-0.28,-0.10,0.11,0.05,-0.01,-0.13,-0.29,-0.31,-0.30,-0.29,-0.44,-0.42,-0.14,0.07,-0.08,0.26,0.60,0.78,0.89,0.84,1.29,1.71,1.60,1.40,1.42,1.51,1.51,1.45,1.60,1.64,1.69,1.97,2.13,2.48,2.26,1.95,2.02,2.12,2.09,2.31,2.28,2.17,2.18,2.03,1.93
"Treasury long-term average (over 10 years)","Percent:_Per_Year","1","NA",H15/H15/RIFLGFL_XII_N.M,RIFLGFL_XII_N.M,,,,,,,,,,,,,,,,,,,,,,,,,,,,,,,,,,,,,,,,,,,,,,,,,,,,,,,,,,,,,,,,,,,,,,,,,,,,,,,,,,,,,,,,,,,,,,,,,,,,,,,,,,,,,,,,,,,,,,,,,,,,,,,,,,,,,,,,,,,,,,,,,,,,,,,,,,,,,,,,,,,,,,,,,,,,,,,,,,,,,,,,,,,,,,,,,,,,,,,,,,,,,,,,,,,,,,,,,,,,,,,,,,,,,,,,,,,,,,,,,,,,,,,,,,,,,,,,,,,,,,,,,,,,,,,,,,,,,,,,,,,,,,,,,,,,,,,,,,,,,,,,,,,,,,,,,,,,,,,,,,,,,,,,,,,,,,,,,,,,,,,,,,,,,,,,,,,,,,,,,,,,,,,,,,,,,,,,,,,,,,,,,,,,,,,,,,,,,,,,,,,,,,,,,,,,,,,,,,,,,,,,,,,,,,,,,,,,,,,,,,,,,,,,,,,,,,,,,,,,,,,,,,,,,,,,,,,,,,,,,4.34,4.16,4.08,3.88,3.97,3.92,3.86,3.88,3.93,3.89,3.85,3.75,3.63,3.52,3.46,3.54,3.47,3.46,3.47,3.41,3.43,3.43,3.29,3.51,3.48,3.45,3.48,3.38,3.31,3.17,3.11,2.89,2.69,2.86,2.90,2.82,2.72,2.50,2.52,2.72,2.40,2.27,2.64,2.80,2.67,2.57,2.40,2.31,2.24,2.15,1.93,2.27,2.45,2.43,2.36,2.26,2.18,2.15,2.11,2.00,1.95,1.83,1.93,1.86,1.80,1.77,1.96,1.98,1.89,2.05,2.12,2.09,2.00,1.96,2.13,2.39,2.45,2.50,2.47,2.27,2.26,2.34,2.19,2.23,2.40,2.36,2.25,2.34,2.43,2.65,2.60,2.46,2.29,2.25,1.98,2.06,1.80,1.87,1.76,1.90,2.00,2.20,2.08,2.13,2.25,2.92,3.09,2.43,2.51,2.38,2.32,2.28,2.39,2.38,2.31,2.25,2.15,2.03,1.87,1.97,1.98,2.03,2.10,1.99,1.76,1.72,1.79,1.59,1.44,1.19,1.31,1.67,1.73,1.90,1.65,1.56,1.49,1.48,1.31,0.76,0.71,0.74,0.52,0.51,0.45,0.36,0.51,0.42,0.26,0.11,0.02,0.09,0.01,-0.05,-0.10,-0.12,0.03,0.10,0.13,-0.01,0.26,0.83,0.99,1.08,1.16,0.99,1.12,1.27,1.11,1.04,1.03,0.96,0.79,0.81,0.70,0.63,0.83,0.75,0.78,0.74,0.54,0.58,0.58,0.47,0.74,0.89,0.87,0.88,1.03,0.97,1.05,1.07,1.06,0.91,0.81,0.67,0.67,0.63,0.46,0.48,0.50,0.52,0.71,0.91,0.78,0.77,0.83,0.75,0.82,0.78,0.87,0.78,0.72,0.81,0.75,0.71,0.72,0.91,0.91,0.87,0.94,0.90,0.86,0.90,0.99,1.19,1.27,1.17,1.14,1.05,0.96,0.92,0.88,0.74,0.72,0.44,0.47,0.51,0.50,0.48,0.39,0.23,0.18,-0.13,-0.09,-0.10,-0.33,-0.42,-0.42,-0.37,-0.35,-0.43,-0.41,-0.27,-0.02,-0.07,-0.14,-0.23,-0.39,-0.42,-0.40,-0.39,-0.51,-0.49,-0.21,-0.00,-0.14,0.30,0.70,0.93,1.05,0.97,1.46,1.90,1.78,1.54,1.51,1.60,1.58,1.51,1.64,1.69,1.75,2.02,2.18,2.55,2.33,2.02,2.06,2.14,2.11,2.34,2.30,2.18,2.18,2.02,1.91